"","OverallQual","YearBuilt","TotalBsmtSF","GrLivArea","FullBath","TotRmsAbvGrd","GarageCars","GarageArea","Fireplaces","GarageYrBlt","MasVnrArea","X1stFlrSF","SalePrice"
"1",7,2003,856,1710,2,8,2,548,0,2003,196,856,208500
"2",6,1976,1262,1262,2,6,2,460,1,1976,0,1262,181500
"3",7,2001,920,1786,2,6,2,608,1,2001,162,920,223500
"4",7,1915,756,1717,1,7,3,642,1,1998,0,961,140000
"5",8,2000,1145,2198,2,9,3,836,1,2000,350,1145,250000
"6",5,1993,796,1362,1,5,2,480,0,1993,0,796,143000
"7",8,2004,1686,1694,2,7,2,636,1,2004,186,1694,307000
"8",7,1973,1107,2090,2,7,2,484,2,1973,240,1107,200000
"9",7,1931,952,1774,2,8,2,468,2,1931,0,1022,129900
"10",5,1939,991,1077,1,5,1,205,2,1939,0,1077,118000
"11",5,1965,1040,1040,1,5,1,384,0,1965,0,1040,129500
"12",9,2005,1175,2324,3,11,3,736,2,2005,286,1182,345000
"13",5,1962,912,912,1,4,1,352,0,1962,0,912,144000
"14",7,2006,1494,1494,2,7,3,840,1,2006,306,1494,279500
"15",6,1960,1253,1253,1,5,1,352,1,1960,212,1253,157000
"16",7,1929,832,854,1,5,2,576,0,1991,0,854,132000
"17",6,1970,1004,1004,1,5,2,480,1,1970,180,1004,149000
"18",4,1967,0,1296,2,6,2,516,0,1967,0,1296,90000
"19",5,2004,1114,1114,1,6,2,576,0,2004,0,1114,159000
"20",5,1958,1029,1339,1,6,1,294,0,1958,0,1339,139000
"21",8,2005,1158,2376,3,9,3,853,1,2005,380,1158,325300
"22",7,1930,637,1108,1,6,1,280,1,1930,0,1108,139400
"23",8,2002,1777,1795,2,7,2,534,1,2002,281,1795,230000
"24",5,1976,1040,1060,1,6,2,572,1,1976,0,1060,129900
"25",5,1968,1060,1060,1,6,1,270,1,1968,0,1060,154000
"26",8,2007,1566,1600,2,7,3,890,1,2007,640,1600,256300
"27",5,1951,900,900,1,5,2,576,0,2005,0,900,134800
"28",8,2007,1704,1704,2,7,3,772,1,2008,200,1704,306000
"29",5,1957,1484,1600,1,6,1,319,2,1957,0,1600,207500
"30",4,1927,520,520,1,4,1,240,0,1920,0,520,68500
"31",4,1920,649,1317,1,6,1,250,0,1920,0,649,40000
"32",5,1966,1228,1228,1,6,1,271,0,1966,0,1228,149350
"33",8,2007,1234,1234,2,7,2,484,0,2007,0,1234,179900
"34",5,1959,1398,1700,1,6,2,447,1,1959,0,1700,165500
"35",9,2005,1561,1561,2,6,2,556,1,2005,246,1561,277500
"36",8,2004,1117,2452,3,9,3,691,1,2004,132,1132,309000
"37",5,1994,1097,1097,1,6,2,672,0,1995,0,1097,145000
"38",5,1954,1297,1297,1,5,2,498,1,1954,650,1297,153000
"39",5,1953,1057,1057,1,5,1,246,0,1953,0,1057,109000
"40",4,1955,0,1152,2,6,0,0,0,1978.50616388687,0,1152,82000
"41",6,1965,1088,1324,2,6,2,440,1,1965,101,1324,160000
"42",5,1959,1350,1328,1,5,1,308,2,1959,0,1328,170000
"43",5,1983,840,884,1,5,2,504,0,1983,0,884,144000
"44",5,1975,938,938,1,5,1,308,0,1977,0,938,130250
"45",5,1959,1150,1150,1,6,1,300,0,1959,0,1150,141000
"46",9,2005,1752,1752,2,6,2,576,1,2005,412,1752,319900
"47",7,2003,1434,2149,1,6,2,670,1,2003,0,1518,239686
"48",8,2006,1656,1656,2,7,3,826,0,2006,0,1656,249700
"49",4,1920,736,1452,2,8,0,0,0,1978.50616388687,0,736,113000
"50",5,1966,955,955,1,6,1,386,0,1966,0,955,127000
"51",6,1997,794,1470,2,6,2,388,0,1997,0,794,177000
"52",6,1934,816,1176,1,6,2,528,1,1985,0,816,114500
"53",5,1963,816,816,1,5,2,516,0,1963,0,816,110000
"54",9,1981,1842,1842,0,5,3,894,1,1981,0,1842,385000
"55",5,1955,384,1360,1,6,2,572,1,1962,0,1360,130000
"56",6,1964,1425,1425,2,7,2,576,1,1964,272,1425,180500
"57",8,1999,970,1739,2,7,2,480,0,1999,456,983,172500
"58",7,2004,860,1720,2,7,2,565,0,2004,0,860,196500
"59",10,2006,1410,2945,3,10,3,641,1,2006,1031,1426,438780
"60",5,1972,780,780,1,4,1,352,0,1973,0,780,124900
"61",6,2004,1158,1158,1,5,2,576,0,2006,0,1158,158000
"62",5,1920,530,1111,1,6,1,288,0,1935,0,581,101000
"63",8,2006,1370,1370,2,6,2,484,1,2006,178,1370,202500
"64",7,1921,576,1710,2,9,2,480,0,1990,0,902,140000
"65",7,1997,1057,2034,2,8,2,645,0,1998,573,1057,219500
"66",8,2004,1143,2473,2,9,3,852,1,2004,344,1143,317000
"67",7,1970,1947,2207,2,7,2,576,1,1970,287,2207,180000
"68",7,2003,1453,1479,2,7,2,558,0,2003,167,1479,226000
"69",4,1945,747,747,1,4,1,220,0,1945,0,747,80000
"70",7,1953,1304,2287,2,7,2,667,1,1953,0,1304,225000
"71",7,1973,2223,2223,2,8,2,516,2,1973,1115,2223,244000
"72",4,1982,845,845,1,4,2,360,0,1987,0,845,129500
"73",7,1998,832,1718,2,7,2,427,1,1998,40,885,185000
"74",5,1954,1086,1086,1,6,2,490,0,1989,104,1086,144900
"75",3,1915,840,1605,2,8,1,379,0,1915,0,840,107400
"76",4,1973,462,988,1,5,1,297,0,1973,0,526,91000
"77",4,1956,952,952,1,4,1,283,0,1956,0,952,135750
"78",5,1948,672,1285,1,6,1,240,0,1948,0,1072,127000
"79",4,1968,1768,1768,2,8,0,0,0,1978.50616388687,0,1768,136500
"80",5,1910,440,1230,1,5,2,440,0,1966,0,682,110000
"81",6,1968,896,2142,2,8,1,509,1,1968,576,1182,193500
"82",6,1998,1237,1337,2,5,2,405,0,1998,443,1337,153500
"83",8,2007,1563,1563,2,6,3,758,1,2007,468,1563,245000
"84",5,1960,1065,1065,1,6,2,461,0,1974,66,1065,126500
"85",7,1995,384,1474,2,7,2,400,1,1995,22,804,168500
"86",8,1991,1288,2417,2,9,2,462,1,1991,284,1301,260000
"87",6,2005,684,1560,2,6,2,400,1,2005,0,684,174000
"88",6,2009,612,1224,2,4,2,528,0,2009,76,612,164500
"89",3,1915,1013,1526,1,6,0,0,0,1978.50616388687,0,1013,85000
"90",4,1994,990,990,1,5,0,0,0,1978.50616388687,0,990,123600
"91",4,1950,0,1040,1,4,2,420,0,1950,0,1040,109900
"92",5,1961,1235,1235,1,6,2,480,0,1961,203,1235,98600
"93",5,1921,876,964,1,5,2,432,0,1921,0,964,163500
"94",6,1910,1214,2291,2,9,2,506,1,1900,0,1260,133900
"95",6,1997,824,1786,2,7,2,684,0,1997,0,905,204750
"96",6,1993,680,1470,2,6,2,420,1,1993,68,680,185000
"97",7,1999,1588,1588,2,6,2,472,0,1999,183,1588,214000
"98",4,1965,960,960,1,6,1,432,0,1965,48,960,94750
"99",5,1920,458,835,1,5,1,366,0,1920,0,835,83000
"100",4,1959,950,1225,1,6,0,0,0,1978.50616388687,0,1225,128950
"101",6,1977,1610,1610,2,6,2,480,2,1977,28,1610,205000
"102",6,1985,741,1732,2,7,2,476,1,1985,336,977,178000
"103",5,1979,0,1535,2,8,2,410,0,1979,0,1535,118964
"104",7,2009,1226,1226,2,6,3,740,0,2009,0,1226,198900
"105",7,1931,1040,1818,1,7,1,240,2,1951,600,1226,169500
"106",8,2003,1053,1992,2,9,2,648,1,2003,768,1053,250000
"107",4,1885,641,1047,1,6,1,273,0,1954,0,1047,100000
"108",5,1948,789,789,1,5,1,250,0,1948,0,789,115000
"109",5,1919,793,1517,2,7,0,0,0,1978.50616388687,0,997,115000
"110",6,1977,1844,1844,2,7,2,546,1,1977,480,1844,190000
"111",6,1954,994,1855,2,7,1,325,0,1954,0,1216,136900
"112",7,2000,384,1430,2,7,2,400,1,2000,0,774,180000
"113",7,2007,1264,2696,2,10,3,792,1,2007,220,1282,383970
"114",6,1953,1809,2259,2,7,2,450,2,1953,184,2259,217000
"115",6,1945,1028,2320,2,9,1,180,1,1945,0,1436,259500
"116",6,1999,729,1458,2,5,2,440,1,1999,1129,729,176000
"117",5,1962,1092,1092,1,6,1,288,1,1962,116,1092,139000
"118",5,2006,1125,1125,1,5,2,430,0,2007,0,1125,155000
"119",7,1990,1673,3222,3,11,3,594,2,1990,0,1699,320000
"120",6,2005,728,1456,2,8,2,390,1,2005,0,728,163990
"121",6,1969,938,988,1,4,2,540,2,1969,0,988,180000
"122",4,1939,732,1123,1,4,1,264,0,1979,0,772,100000
"123",6,1958,1080,1080,1,5,1,288,0,1958,135,1080,136000
"124",6,1993,1199,1199,2,5,2,530,0,1993,0,1199,153900
"125",6,1979,1362,1586,2,7,2,435,1,1979,0,1586,181000
"126",6,1935,520,754,1,5,0,0,0,1978.50616388687,0,520,84500
"127",6,1976,1078,958,2,5,2,440,1,1977,0,958,128000
"128",5,1930,672,840,1,5,0,0,1,1978.50616388687,0,840,87000
"129",6,1966,660,1348,1,6,2,453,1,1966,266,660,155000
"130",5,1958,1008,1053,1,6,2,750,0,1998,85,1053,150000
"131",7,1966,924,2157,2,8,2,487,2,1966,309,1216,226000
"132",6,2000,992,2054,2,7,2,390,1,2000,40,1022,244000
"133",5,1959,1063,1327,1,7,2,624,0,1974,0,1327,150750
"134",8,2001,1267,1296,2,6,2,471,0,2001,136,1296,220000
"135",5,1968,1461,1721,2,7,2,440,1,1968,0,1721,180000
"136",7,1970,1304,1682,2,7,2,530,1,1970,288,1682,174000
"137",5,1967,1214,1214,2,5,1,318,1,1967,196,1214,143000
"138",7,1988,1907,1959,3,9,3,766,0,1989,70,1959,171000
"139",8,1999,1004,1852,2,7,3,660,2,1999,320,1004,230000
"140",6,1997,928,1764,2,7,2,470,0,1997,0,928,231500
"141",4,1971,864,864,1,5,0,0,1,1978.50616388687,0,864,115000
"142",7,2005,1734,1734,2,7,2,660,0,2005,0,1734,260000
"143",5,1952,910,1385,2,6,2,720,0,2000,0,910,166000
"144",7,1999,1490,1501,2,6,2,577,0,1999,183,1501,204000
"145",5,1963,1728,1728,2,10,2,504,0,1963,336,1728,125000
"146",6,2004,970,1709,2,7,2,380,0,2004,50,970,130000
"147",5,1931,715,875,1,5,1,180,0,1931,0,875,105000
"148",7,2001,884,2035,2,8,2,434,1,2001,180,884,222500
"149",7,2004,1080,1080,1,6,0,0,0,1978.50616388687,120,1080,141000
"150",5,1936,896,1344,1,7,1,240,0,1936,0,896,115000
"151",5,1975,969,969,1,5,2,440,0,1975,0,969,122000
"152",8,2007,1710,1710,2,6,3,866,1,2007,436,1710,372402
"153",6,1971,825,1993,2,8,2,495,1,1971,252,1097,190000
"154",6,1960,1602,1252,1,4,2,564,1,1960,0,1252,235000
"155",6,1923,1200,1200,1,7,1,312,0,1923,0,1200,125000
"156",6,1924,572,1096,1,5,0,0,0,1978.50616388687,0,572,79000
"157",5,1950,0,1040,1,5,2,625,0,1950,0,1040,109500
"158",8,2009,774,1968,2,8,3,680,1,2009,84,774,269500
"159",7,2004,991,1947,2,8,2,678,1,2004,0,991,254900
"160",7,2005,1392,2462,2,9,2,576,1,2006,456,1392,320000
"161",6,1984,1232,1232,2,6,2,516,0,1984,0,1232,162500
"162",9,2003,1572,2668,2,10,3,726,2,2003,664,1572,412500
"163",7,2005,1541,1541,2,7,2,532,1,2005,226,1541,220000
"164",4,1956,882,882,1,4,0,0,0,1978.50616388687,0,882,103200
"165",6,1926,1149,1616,2,5,1,216,0,1926,0,1149,152000
"166",5,1940,644,1355,2,6,0,0,0,1978.50616388687,0,808,127500
"167",5,1955,1617,1867,1,7,1,303,3,1955,0,1867,190000
"168",8,2007,1582,2161,1,8,3,789,1,2007,300,1610,325624
"169",7,2004,840,1720,2,7,2,440,1,2004,0,840,183500
"170",8,1981,1686,1707,2,6,2,511,1,1981,653,1707,228000
"171",5,1941,720,1382,1,7,2,660,0,1991,0,854,128500
"172",6,1960,1080,1656,1,7,2,528,2,1960,112,1656,215000
"173",7,1987,1064,1767,2,5,2,504,1,1987,0,1064,239000
"174",6,1961,1362,1362,1,6,2,504,1,1961,491,1362,163000
"175",6,1986,1606,1651,2,7,2,616,1,1986,132,1651,184000
"176",6,1950,1202,2158,2,7,2,576,1,1950,0,2158,243000
"177",6,1988,1151,2060,2,8,2,521,1,1988,268,1164,211000
"178",5,1958,1052,1920,2,8,2,451,1,1958,0,1252,172500
"179",9,2008,2216,2234,2,9,3,1166,1,2009,748,2234,501837
"180",5,1923,968,968,1,5,2,480,0,1935,0,968,100000
"181",6,2000,756,1525,2,5,2,440,1,2000,456,769,177000
"182",7,1920,793,1802,1,9,1,216,1,1920,0,901,200100
"183",5,1957,0,1340,1,7,1,252,1,1957,98,1340,120000
"184",7,2003,1362,2082,2,6,2,484,0,2003,0,1362,200000
"185",5,1908,504,1252,1,5,2,576,0,1986,0,936,127000
"186",10,1892,1107,3608,2,12,3,840,2,1993,0,1518,475000
"187",7,1990,1188,1217,2,6,2,497,0,1990,0,1217,173000
"188",5,1916,660,1656,2,8,1,180,0,1916,0,808,135000
"189",5,1979,1086,1224,0,6,2,528,2,1979,275,1224,153337
"190",8,2001,1593,1593,1,5,2,682,1,2001,0,1593,286000
"191",8,1932,853,2727,2,10,2,440,2,1932,0,1549,315000
"192",7,1972,725,1479,1,7,2,484,0,1972,138,725,184000
"193",7,1999,1431,1431,2,6,2,666,0,1999,0,1431,192000
"194",7,2004,970,1709,2,7,2,380,0,2004,50,970,130000
"195",5,1972,864,864,1,5,1,352,0,1989,0,864,127000
"196",6,1976,855,1456,2,7,2,440,1,1976,0,855,148500
"197",7,2007,1726,1726,2,8,3,786,1,2007,205,1726,311872
"198",8,1918,1360,3112,2,8,2,795,1,1918,0,1360,235000
"199",6,1912,755,2229,1,8,0,0,0,1978.50616388687,0,929,104000
"200",8,2004,1713,1713,2,7,3,856,1,2004,262,1713,274900
"201",4,2003,1121,1121,2,5,2,440,0,2003,0,1121,140000
"202",6,1977,1196,1279,2,6,2,473,2,1980,0,1279,171500
"203",6,1924,617,1310,2,6,1,398,0,1924,0,865,112000
"204",6,2004,848,848,1,3,2,420,1,2004,205,848,149000
"205",5,1947,720,1284,1,5,1,240,0,1948,0,720,110000
"206",7,1990,1424,1442,2,5,2,500,0,1990,0,1442,180500
"207",5,1962,1140,1696,1,8,1,349,1,1962,0,1696,143900
"208",4,1960,1100,1100,1,6,1,312,1,1960,0,1100,141000
"209",7,1988,1157,2062,2,7,2,454,1,1988,128,1180,277000
"210",6,1964,1092,1092,1,6,2,504,0,1964,260,1092,145000
"211",5,1925,864,864,1,5,0,0,0,1978.50616388687,0,864,98000
"212",6,2009,1212,1212,2,6,2,460,0,2009,0,1212,186000
"213",7,2009,900,1852,2,7,2,644,1,2009,0,932,252678
"214",5,1995,990,990,1,5,2,576,0,1996,0,990,156000
"215",6,1977,689,1392,1,6,1,299,0,1977,153,689,161750
"216",5,1957,1070,1236,1,6,1,447,1,1957,64,1236,134450
"217",7,2004,1436,1436,2,8,2,484,0,2004,266,1436,210000
"218",4,1925,686,1328,1,8,1,210,0,1940,0,810,107000
"219",7,1939,798,1954,1,8,2,431,2,1939,312,1137,311500
"220",7,2005,1248,1248,2,5,2,438,0,2005,16,1248,167240
"221",7,2006,1498,1498,2,5,2,675,0,2006,0,1498,204900
"222",6,2002,1010,2267,2,8,2,390,1,2002,0,1010,200000
"223",6,1975,713,1552,2,6,2,434,1,1975,0,811,179900
"224",4,1971,864,864,1,4,2,576,0,1989,0,864,97000
"225",10,2003,2392,2392,2,8,3,968,1,2003,922,2392,386250
"226",5,1971,630,1302,2,6,1,280,0,1991,142,630,112000
"227",7,1995,1203,2520,2,9,3,721,1,1995,290,1214,290000
"228",6,1970,483,987,1,5,1,280,0,1987,127,483,106000
"229",5,1967,912,912,1,5,1,336,1,1974,0,912,125000
"230",7,2005,1373,1555,2,7,2,430,1,2005,16,1555,192500
"231",6,1959,1194,1194,1,6,1,312,0,1959,220,1194,148000
"232",8,1995,1462,2794,2,9,3,810,1,1995,506,1490,403000
"233",6,1972,483,987,1,5,1,288,1,1972,297,483,94500
"234",5,1976,894,894,1,5,1,308,0,1976,0,894,128200
"235",6,2002,860,1960,2,8,2,440,2,2002,103.685261707989,860,216500
"236",6,1971,483,987,1,5,1,264,0,1971,604,483,89500
"237",7,2004,1414,1414,2,6,2,494,0,2004,98,1414,185500
"238",7,1993,996,1744,2,7,2,457,0,1993,0,1014,194500
"239",8,2007,1694,1694,2,7,3,818,0,2007,254,1694,318000
"240",6,1945,735,1487,1,7,1,220,1,1949,0,798,113000
"241",8,2008,1566,1566,2,7,2,750,0,2008,36,1566,262500
"242",5,1945,686,866,1,4,0,0,0,1978.50616388687,0,866,110500
"243",5,1900,540,1440,1,6,1,352,0,1940,0,889,79000
"244",6,1980,626,1217,1,6,1,288,1,1980,0,626,120000
"245",7,1994,948,2110,2,8,2,463,2,1994,0,1222,205000
"246",7,1988,1845,1872,2,6,2,604,1,1988,102,1872,241500
"247",6,1910,1020,1928,2,9,1,440,0,1910,0,908,137000
"248",6,1954,1367,1375,1,5,2,451,1,1954,0,1375,140000
"249",7,2003,840,1668,2,8,2,500,0,2003,101,840,180000
"250",6,1958,1444,2144,2,7,2,389,2,1958,472,1444,277000
"251",3,1940,728,1306,1,6,0,0,0,1978.50616388687,0,1306,76500
"252",8,2006,1573,1625,2,5,2,538,1,2006,481,1625,235000
"253",6,2004,798,1640,2,6,2,520,0,2004,0,798,173000
"254",6,1964,1302,1302,2,7,1,309,0,1964,108,1302,158000
"255",5,1957,1314,1314,1,5,1,294,0,1957,0,1314,145000
"256",7,1999,975,2291,2,8,2,429,1,1999,302,1005,230000
"257",6,2003,864,1728,2,7,2,673,0,2003,0,864,207500
"258",7,2006,1604,1604,2,8,2,660,1,2006,180,1604,220000
"259",7,2001,963,1792,2,7,2,564,1,2001,172,963,231500
"260",5,1956,0,882,1,4,1,308,0,1956,0,882,97000
"261",6,1962,1362,1382,1,6,2,884,1,1991,399,1382,176000
"262",8,2007,1482,2574,2,10,3,868,1,2007,270,1482,276000
"263",6,1977,506,1212,1,6,2,492,1,1978,46,1212,151000
"264",5,1929,926,1316,1,6,2,484,0,1974,0,926,130000
"265",5,1925,680,764,1,4,2,504,0,1965,0,764,73000
"266",6,1981,1422,1422,2,7,2,576,1,1981,210,1422,175500
"267",6,1997,802,1511,2,8,2,413,1,1997,0,802,185000
"268",5,1939,720,2192,2,8,1,240,1,1939,0,1052,179500
"269",5,1940,740,778,1,4,1,924,1,1966,0,778,120500
"270",6,1976,1143,1113,1,6,1,504,1,1987,174,1113,148000
"271",8,2006,1095,1939,2,8,3,1053,1,2006,0,1095,266000
"272",7,1954,1385,1363,1,5,2,439,2,1954,0,1363,241500
"273",8,1999,1152,2270,2,9,3,671,1,1999,348,1164,290000
"274",6,1958,1240,1632,2,6,1,338,1,1958,183,1632,139000
"275",5,1982,816,816,1,5,1,264,0,1982,0,816,124500
"276",7,1925,952,1548,2,5,2,672,0,1978,0,952,205000
"277",7,2003,1560,1560,2,7,2,573,0,2003,0,1560,201000
"278",4,1951,864,864,1,4,2,400,0,1951,0,864,141000
"279",9,2006,2121,2121,2,8,3,732,1,2007,315,2121,415298
"280",7,1977,1160,2022,2,8,2,505,1,1977,299,1156,192000
"281",7,1989,807,1982,2,7,2,575,1,1989,340,1175,228500
"282",6,2006,1262,1262,2,5,2,572,0,2006,68,1262,185000
"283",7,2007,1314,1314,2,6,2,626,1,2008,166,1314,207500
"284",8,2008,1468,1468,2,6,3,898,1,2008,72,1468,244600
"285",6,1992,1575,1575,2,5,2,529,0,1992,0,1575,179200
"286",7,2006,625,1250,2,5,2,528,0,2006,0,625,164700
"287",6,1962,912,1734,1,7,2,440,1,1962,0,1085,159000
"288",4,1971,858,858,1,5,0,0,0,1978.50616388687,0,858,88000
"289",5,1967,882,900,1,5,1,280,0,1970,31,900,122000
"290",6,1915,698,1396,1,7,1,384,0,2003,0,698,153575
"291",8,2006,1079,1919,2,8,2,685,1,2006,0,1079,233230
"292",5,1912,780,1716,2,9,0,0,0,1978.50616388687,0,936,135900
"293",5,1949,768,1716,1,8,1,281,1,1949,0,1148,131000
"294",7,1977,795,2263,2,9,2,539,1,1977,34,1468,235000
"295",6,1953,1416,1644,1,7,2,418,2,1953,238,1644,167000
"296",6,1984,1003,1003,1,6,2,588,0,1984,0,1003,142500
"297",5,1950,910,1558,1,6,1,282,0,1950,0,910,152000
"298",7,1997,975,1950,2,7,2,576,1,1997,1600,975,239000
"299",6,1968,702,1743,1,7,2,539,1,1968,365,1041,175000
"300",6,1950,1092,1152,1,6,1,300,1,1950,0,1152,158500
"301",5,1953,1165,1336,1,5,1,375,2,1953,56,1336,157000
"302",8,1998,1028,2452,2,9,2,683,1,1998,0,1210,267000
"303",7,2001,1541,1541,2,6,3,843,1,2001,150,1541,205000
"304",5,1972,894,894,1,5,2,552,0,1975,0,894,149900
"305",7,1880,1470,3493,3,10,3,870,1,2003,0,1675,295000
"306",8,2004,2000,2000,2,8,3,888,0,2004,246,2000,305900
"307",7,1990,700,2243,2,8,3,746,1,1990,246,1122,225000
"308",6,1920,319,1406,1,6,0,0,0,1978.50616388687,0,1035,89500
"309",4,1940,861,861,1,4,2,539,0,1961,0,861,82500
"310",9,2003,1896,1944,2,8,3,708,3,2003,0,1944,360000
"311",6,1993,697,1501,2,6,2,420,1,1993,112,697,165600
"312",6,1948,972,972,1,5,1,240,1,1948,0,972,132000
"313",5,1939,793,1118,1,5,2,410,1,1939,0,793,119900
"314",7,1965,2136,2036,2,8,2,513,2,1965,0,2036,375000
"315",7,1925,728,1641,1,6,2,546,1,1925,0,832,178000
"316",7,2004,716,1432,2,6,2,432,1,2004,0,716,188500
"317",7,1980,845,2353,2,10,2,484,1,1983,278,1153,260000
"318",8,2006,1088,1959,2,8,3,1025,1,2006,0,1088,270000
"319",7,1993,1347,2646,2,9,3,656,1,1993,256,1372,260000
"320",7,1980,1372,1472,2,6,2,588,2,1980,225,1472,187500
"321",9,2006,1249,2596,3,9,3,840,0,2006,370,1249,342643
"322",8,2004,1136,2468,2,10,3,872,1,2004,388,1136,354000
"323",7,1986,1502,2730,2,8,2,576,1,1987,172,1553,301000
"324",3,1955,1162,1163,1,6,1,220,0,1955,0,1163,126175
"325",7,1967,710,2978,2,11,2,564,1,1961,300,1898,242000
"326",5,1941,720,803,1,5,2,360,0,1941,0,803,87000
"327",8,1993,1719,1719,1,6,2,473,2,1993,0,1719,324000
"328",6,1960,1383,1383,1,7,1,292,0,1960,175,1383,145250
"329",6,1916,844,2134,2,10,2,441,0,1930,0,1445,214500
"330",5,1920,596,1192,1,6,1,189,0,1920,0,596,78000
"331",5,1964,1728,1728,2,10,1,352,0,2002,84,1728,119000
"332",5,1958,1056,1056,1,6,1,308,0,1958,0,1056,139000
"333",8,2003,3206,1629,2,7,3,880,1,2003,296,1629,284000
"334",7,2004,1358,1358,2,6,2,484,1,2004,146,1358,207000
"335",6,1998,943,1638,2,7,2,472,2,1998,0,943,192000
"336",5,1965,1499,1786,2,7,2,529,2,1965,0,1619,228950
"337",9,2005,1922,1922,2,8,3,676,1,2005,200,1922,377426
"338",7,2002,1536,1536,2,7,2,532,0,2002,113,1536,214000
"339",7,1984,1208,1621,2,8,2,440,0,1984,0,1621,202500
"340",6,1958,1215,1215,1,6,1,297,0,1958,176,1215,155000
"341",8,2002,967,1908,2,9,2,431,0,2002,0,993,202900
"342",4,1950,721,841,1,4,1,294,0,1950,0,841,82000
"343",3,1949,0,1040,2,6,2,400,0,1949,340,1040,87500
"344",9,2005,1684,1684,2,6,2,564,1,2005,616,1684,266000
"345",5,1976,536,1112,1,4,1,336,0,1976,0,536,85000
"346",6,1939,972,1577,1,6,1,312,1,1939,0,972,140200
"347",6,1960,958,958,1,5,1,301,0,1960,0,958,151500
"348",6,1960,1478,1478,2,6,2,498,2,1960,30,1478,157500
"349",7,2003,764,1626,2,6,2,474,0,2003,106,764,154000
"350",9,2005,1848,2728,2,10,3,706,2,2006,870,1848,437154
"351",9,2007,1869,1869,2,6,2,617,1,2007,362,1869,318061
"352",7,1986,1453,1453,1,6,2,445,1,1986,0,1453,190000
"353",5,1941,616,1111,1,5,1,200,0,1941,0,616,95000
"354",6,1928,624,720,1,5,2,484,0,2005,0,720,105900
"355",6,1940,940,1595,1,6,1,240,2,1940,0,1192,140000
"356",6,1995,1200,1200,2,6,2,521,0,1995,0,1200,177500
"357",6,1992,1158,1167,2,6,2,400,0,1992,106,1167,173000
"358",5,1976,1142,1142,1,6,2,528,1,1976,0,1142,134000
"359",5,1958,1062,1352,1,6,1,288,0,1958,120,1352,130000
"360",8,1998,1086,1924,2,7,2,592,1,1998,530,1086,280000
"361",6,1978,888,912,1,5,2,470,1,1978,0,912,156000
"362",5,1940,883,1505,1,8,1,240,0,1940,0,988,145000
"363",7,2003,0,1922,3,7,2,672,1,2003,500,495,198500
"364",6,1972,483,987,1,5,1,264,0,1972,510,483,118000
"365",6,1976,796,1574,2,6,2,566,1,1976,120,790,190000
"366",5,1920,672,1344,1,6,1,468,0,1964,0,672,147000
"367",6,1963,1394,1394,1,6,2,514,2,1963,247,1394,159000
"368",6,1962,1099,1431,1,6,1,296,1,1962,305,1431,165000
"369",5,1954,1268,1268,1,7,1,244,1,1954,200,1268,132000
"370",5,1959,1063,1287,1,7,2,576,1,1997,0,1287,162000
"371",6,2000,953,1664,2,7,2,460,1,2000,0,953,172400
"372",4,1959,0,1588,2,7,2,680,1,1991,0,1120,134432
"373",6,1984,744,752,1,4,1,264,0,1984,0,752,125000
"374",5,1953,608,1319,1,5,1,270,0,1953,0,1319,123000
"375",7,2003,847,1928,2,8,2,434,1,2003,0,847,219500
"376",1,1922,683,904,0,4,0,0,0,1978.50616388687,0,904,61000
"377",5,1996,870,914,1,5,2,576,0,1998,0,914,148000
"378",8,2004,1580,2466,3,8,2,610,1,2004,0,1580,340000
"379",9,2010,1856,1856,1,8,3,834,1,2010,350,1856,394432
"380",6,2000,982,1800,2,7,2,463,1,2000,16,1007,179000
"381",5,1924,1026,1691,2,6,1,308,1,1924,0,1026,127000
"382",7,2006,1293,1301,2,5,2,572,1,2006,0,1301,187750
"383",7,2006,939,1797,2,8,2,639,0,2006,0,939,213500
"384",6,1928,784,784,1,5,2,360,0,1950,0,784,76000
"385",6,1992,1580,1953,2,9,2,501,2,1992,0,1079,240000
"386",8,2004,1256,1269,2,6,2,430,1,2004,16,1269,192000
"387",5,1910,658,1184,1,8,0,0,0,1978.50616388687,0,658,81000
"388",6,1976,1041,1125,1,6,1,352,1,1977,255,1125,125000
"389",7,1999,1468,1479,2,6,2,577,0,1999,125,1479,191000
"390",10,2007,1682,2332,2,9,3,846,1,2008,272,1742,426000
"391",5,1900,861,1367,1,7,1,384,0,1978,0,961,119000
"392",6,2001,804,1961,2,7,2,560,1,2001,0,804,215000
"393",5,1959,0,882,1,5,1,294,0,1959,0,882,106500
"394",4,1941,788,788,1,4,0,0,2,1978.50616388687,0,788,100000
"395",5,1940,735,1034,1,5,1,240,0,1940,0,735,109000
"396",5,1956,1144,1144,1,6,1,596,0,1956,0,1144,129000
"397",5,1972,894,894,1,6,2,600,0,1985,0,894,123000
"398",5,1962,864,1812,2,8,1,264,1,1962,288,876,169500
"399",5,1920,961,1077,1,6,1,338,0,1920,0,1077,67000
"400",7,2006,1092,1550,2,7,2,438,0,2007,100,1112,241000
"401",8,1996,1260,1288,1,4,2,500,2,1996,0,1288,245500
"402",7,2005,1310,1310,2,6,2,400,1,2005,0,1310,164990
"403",5,1940,672,672,1,4,1,240,0,1940,0,672,108000
"404",8,1998,1141,2263,2,10,2,420,1,1998,650,1165,258000
"405",6,1995,806,1572,2,7,2,373,1,1995,0,806,168000
"406",4,1976,1281,1620,2,8,2,490,1,1993,0,1620,150000
"407",6,1936,1064,1639,1,6,1,240,0,1936,0,1166,115000
"408",6,1915,840,1680,2,8,1,308,0,1960,0,840,177000
"409",7,2006,1063,2172,2,9,3,947,1,2006,350,1071,280000
"410",8,2007,1034,2078,2,8,3,836,1,2008,100,1050,339750
"411",5,1958,1276,1276,1,5,1,350,0,1958,0,1276,60000
"412",5,1955,1056,1056,1,5,2,572,0,1955,0,1056,145000
"413",7,2009,1470,1478,2,7,2,484,1,2009,432,1478,222000
"414",5,1927,1008,1028,1,5,2,360,1,1927,0,1028,115000
"415",7,1993,1080,2097,2,9,3,678,1,1993,0,1080,228000
"416",7,2007,1340,1340,2,6,2,396,0,2007,0,1340,181134
"417",6,1978,672,1400,1,6,2,440,1,1978,203,672,149500
"418",6,1918,1370,2624,2,10,3,864,1,1918,0,1370,239000
"419",5,1940,756,1134,1,7,1,240,0,1940,0,756,126000
"420",5,1968,1056,1056,1,6,1,304,1,1968,0,1056,142000
"421",7,1997,1344,1344,2,8,4,784,0,1997,200,1344,206300
"422",6,1977,1602,1602,2,8,2,529,1,1977,126,1602,215000
"423",5,1954,988,988,1,4,2,520,0,1954,0,988,113000
"424",8,1998,1470,2630,2,8,3,696,1,1998,473,1470,315000
"425",6,1956,1196,1196,1,6,1,297,1,1956,74,1196,139000
"426",7,1946,651,1389,1,6,1,240,2,1947,0,707,135000
"427",7,1989,1518,1644,2,5,2,569,1,1989,145,1644,275000
"428",4,1957,907,907,1,5,1,352,0,1964,0,907,109008
"429",7,2007,1208,1208,2,6,2,628,0,2007,108,1208,195400
"430",6,1988,1392,1412,2,6,2,576,1,1988,0,1412,175000
"431",6,1971,483,987,1,4,1,264,0,1971,232,483,85400
"432",6,1920,901,1198,1,7,0,0,0,1978.50616388687,0,1088,79900
"433",5,1971,765,1365,1,6,2,440,0,1971,376,765,122500
"434",6,1997,926,1604,2,7,2,470,1,1997,0,926,181000
"435",4,1972,630,630,1,3,0,0,0,1978.50616388687,0,630,81000
"436",7,1996,799,1661,2,6,2,550,1,1996,0,827,212000
"437",6,1920,648,1118,1,6,2,440,0,1990,0,734,116000
"438",6,1926,884,904,1,4,1,180,0,1926,0,904,119000
"439",5,1913,440,694,1,4,1,352,1,1990,0,694,90350
"440",6,1920,684,1196,1,7,2,528,0,2005,0,684,110000
"441",10,2008,3094,2402,2,10,3,672,2,2008,200,2402,555000
"442",4,1955,1440,1440,2,8,0,0,0,1978.50616388687,270,1440,118000
"443",5,1930,1078,1573,2,8,2,360,1,1930,0,1128,162900
"444",7,2006,1258,1258,2,6,3,648,1,2007,72,1258,172500
"445",7,1994,915,1908,2,8,2,493,1,1994,0,933,210000
"446",6,1956,1436,1689,1,7,2,480,1,1956,0,1689,127500
"447",6,1966,1517,1888,2,6,2,578,1,1966,0,1888,190000
"448",7,1998,930,1886,2,10,2,431,1,1998,0,956,199900
"449",6,1937,780,1376,2,7,1,198,1,1937,0,780,119500
"450",3,1948,649,1183,1,6,1,308,0,1981,0,679,120000
"451",6,1930,813,813,1,5,1,270,0,1932,0,813,110000
"452",7,1975,1533,1533,2,5,2,576,2,1975,0,1533,280000
"453",6,1996,872,1756,2,7,2,422,0,1996,42,888,204000
"454",8,2008,768,1590,2,6,2,676,0,2008,0,786,210000
"455",5,1976,1728,1728,2,8,2,560,0,1976,0,1728,188000
"456",7,1973,1242,1242,1,6,2,528,1,1973,320,1242,175500
"457",5,1916,624,1344,1,7,3,513,0,1916,0,624,98000
"458",4,1954,1364,1663,1,6,2,529,2,1954,0,1663,256000
"459",8,1925,588,1666,1,7,1,228,1,1925,0,833,161000
"460",5,1950,709,1203,1,5,1,352,1,1950,161,979,110000
"461",8,2009,832,1935,2,8,2,552,0,2009,110,832,263435
"462",7,1936,560,1135,1,6,2,576,0,1971,0,575,155000
"463",5,1965,864,864,1,5,1,360,1,1965,0,864,62383
"464",6,1934,715,1660,1,6,1,240,1,1939,0,849,188700
"465",5,1978,1040,1040,2,5,0,0,0,1978.50616388687,136,1040,124000
"466",7,2004,1375,1414,2,6,2,398,1,2004,18,1414,178740
"467",7,1970,1277,1277,1,5,2,526,1,1970,0,1277,167000
"468",5,1942,728,1644,1,7,1,312,2,1942,224,888,146500
"469",8,2006,1626,1634,2,7,3,866,1,2006,248,1634,250000
"470",6,1993,832,1710,2,7,2,506,0,1993,120,832,187000
"471",8,1985,1488,1502,1,4,2,528,0,1985,0,1502,212000
"472",7,1977,808,1969,2,8,2,534,1,1977,0,1161,190000
"473",6,2005,547,1072,1,5,2,525,0,2005,80,1072,148000
"474",8,2006,1976,1976,2,7,3,908,1,2006,304,1976,440000
"475",8,2000,1494,1652,2,6,2,499,0,2000,0,1652,251000
"476",5,1963,970,970,1,5,2,624,0,1996,0,970,132500
"477",6,1997,1478,1493,2,7,2,508,1,1997,215,1493,208900
"478",9,2006,2153,2643,2,9,3,694,1,2006,772,2069,380000
"479",8,2007,1705,1718,2,7,3,826,1,2007,336,1718,297000
"480",4,1937,907,1131,1,7,2,672,0,1995,435,1131,89471
"481",9,2004,1833,1850,2,8,3,772,1,2004,378,1850,326000
"482",9,2003,1792,1792,2,6,3,874,1,2003,562,1792,374000
"483",7,1915,910,1826,1,7,1,164,1,1915,0,916,155000
"484",6,1998,1216,1216,2,5,2,402,0,1998,116,1216,164000
"485",5,1962,999,999,1,6,1,264,0,1963,0,999,132500
"486",5,1950,1113,1113,1,5,1,264,1,1950,0,1113,147000
"487",5,1965,1073,1073,1,6,2,515,0,1965,168,1073,156000
"488",5,1971,1484,1484,2,7,2,487,1,1971,0,1484,175000
"489",5,1900,954,2414,2,10,2,520,1,1970,0,1766,160000
"490",4,1970,630,630,1,3,1,286,0,1970,0,630,86000
"491",5,1976,264,1304,1,4,1,336,1,1976,0,616,115000
"492",6,1941,806,1578,1,5,1,240,2,1941,0,958,133000
"493",6,2006,728,1456,2,8,2,429,0,2006,0,728,172785
"494",5,1960,1269,1269,1,6,1,308,1,1964,0,1269,155000
"495",5,1938,190,886,1,4,1,273,0,1938,0,886,91300
"496",4,1920,720,720,1,4,0,0,0,1978.50616388687,0,720,34900
"497",8,1992,3200,3228,3,10,2,546,1,1992,0,3228,430000
"498",7,1925,1026,1820,2,8,1,240,0,1925,0,1133,184000
"499",5,1967,864,899,1,5,1,288,0,1967,89,899,130000
"500",5,1958,912,912,1,5,1,297,0,1958,0,912,120000
"501",6,1973,672,1218,1,7,1,264,0,1973,285,672,113000
"502",7,2005,866,1768,2,7,2,603,0,2005,0,866,226700
"503",5,1965,1214,1214,1,6,2,461,0,1965,0,1214,140000
"504",7,1959,1501,1801,2,6,2,484,2,1959,0,1801,289000
"505",6,1974,855,1322,2,6,2,440,1,1974,0,855,147000
"506",5,1952,960,1960,2,10,2,400,0,1952,360,960,124500
"507",8,1993,777,1911,2,8,2,471,1,1993,125,1065,215000
"508",6,2009,1218,1218,2,4,2,676,0,2009,0,1218,208300
"509",7,1928,689,1378,2,7,2,360,1,1928,0,689,161000
"510",5,1959,1041,1041,1,6,1,270,0,1959,132,1041,124500
"511",5,1951,1008,1363,1,6,1,288,2,1951,70,1363,164900
"512",7,2005,1368,1368,2,6,2,474,1,2005,94,1368,202665
"513",5,1958,864,864,1,5,2,624,0,1964,0,864,129900
"514",6,1983,1084,1080,1,5,2,484,0,1983,0,1080,134000
"515",5,1926,768,789,1,5,1,200,0,1926,0,789,96500
"516",10,2009,2006,2020,2,9,3,900,1,2009,305,2020,402861
"517",6,1972,689,2119,2,7,2,583,1,1972,333,1378,158000
"518",7,1996,1264,2344,2,7,3,889,1,1996,921,1277,265000
"519",6,1998,794,1796,2,7,2,546,0,1998,0,882,211000
"520",7,1926,1276,2080,1,9,1,282,2,1926,0,1276,234000
"521",4,1900,0,1294,2,7,0,0,0,1978.50616388687,0,694,106250
"522",6,1957,1244,1244,1,6,1,336,2,1957,0,1244,150000
"523",6,1947,1004,1664,2,7,2,420,2,1950,0,1004,159000
"524",10,2007,3138,4676,3,11,3,884,1,2007,762,3138,184750
"525",7,1996,1379,2398,2,8,3,834,1,1996,594,1383,315750
"526",7,2005,1257,1266,2,6,2,453,1,2005,0,1266,176000
"527",5,1956,928,928,1,4,1,252,0,1956,0,928,132000
"528",9,2008,1452,2713,2,11,3,858,1,2008,268,1476,446261
"529",4,1920,528,605,1,5,0,0,0,1978.50616388687,0,605,86000
"530",6,1957,2035,2515,3,9,2,484,2,1975,103.685261707989,2515,200624
"531",6,1988,1461,1509,2,5,2,600,1,1988,219,1509,175000
"532",6,1920,611,1362,2,6,2,502,0,1920,0,751,128000
"533",5,1955,0,827,1,5,1,392,1,1967,0,827,107500
"534",1,1946,0,334,1,2,0,0,0,1978.50616388687,0,334,39300
"535",8,2004,707,1414,2,6,2,403,1,2004,0,707,178000
"536",5,1910,1117,1347,1,5,0,0,0,1978.50616388687,0,820,107500
"537",7,1998,880,1724,2,8,2,527,0,1998,0,880,188000
"538",4,1972,864,864,1,5,2,576,0,1980,0,864,111250
"539",5,1968,1051,1159,1,7,1,336,1,1968,188,1159,158000
"540",8,2001,1581,1601,2,6,2,670,1,2001,479,1601,272000
"541",9,2006,1838,1838,2,8,3,765,1,2006,584,1838,315000
"542",8,2000,969,2285,2,8,3,648,1,2000,72,997,248000
"543",7,1998,1650,1680,2,7,2,583,1,1998,0,1680,213250
"544",7,1998,723,767,1,4,1,367,0,1998,182,767,133000
"545",7,2006,654,1496,2,7,2,426,1,2006,0,664,179665
"546",7,1988,1204,2183,2,9,3,786,0,1988,178,1377,229000
"547",6,1923,1065,1635,1,6,2,440,1,1950,0,915,210000
"548",5,1970,768,768,1,5,2,624,0,1987,0,768,129500
"549",5,1955,825,825,1,4,2,720,0,1963,0,825,125000
"550",7,2003,912,2094,2,8,2,615,1,2003,0,912,263000
"551",6,1977,1069,1069,2,4,2,440,0,1977,0,1069,140000
"552",5,1957,928,928,1,5,1,288,0,1957,0,928,112500
"553",8,2006,1709,1717,2,7,3,908,1,2006,250,1717,255500
"554",4,1949,0,1126,2,5,2,520,0,2002,0,1126,108000
"555",7,2003,998,2046,2,8,3,871,1,2003,292,1006,284000
"556",5,1922,993,1048,1,5,1,280,1,1922,0,1048,113000
"557",5,1957,1092,1092,1,6,1,299,1,1957,0,1092,141000
"558",4,1920,637,1336,1,7,1,570,0,1994,0,897,108000
"559",7,1996,729,1446,2,6,2,406,1,1996,0,729,175000
"560",7,2003,1374,1557,2,7,2,420,1,2003,18,1557,234000
"561",5,1957,1392,1392,1,5,2,528,1,1957,180,1392,121500
"562",5,1974,1389,1389,1,6,2,418,1,1975,0,1389,170000
"563",5,1940,996,996,1,6,0,0,1,1978.50616388687,0,996,108000
"564",6,1918,1163,1674,2,8,2,396,1,1955,0,1163,185000
"565",7,1992,1095,2295,2,9,2,590,1,1992,0,1166,268000
"566",6,1915,806,1647,1,6,1,216,0,1920,0,841,128000
"567",9,2005,1122,2504,2,11,3,656,1,2005,245,1134,325000
"568",7,2004,1517,1535,2,7,2,532,0,2004,168,1535,214000
"569",8,1983,1496,2132,1,5,2,612,1,1983,0,1496,316600
"570",5,1979,943,943,1,4,2,600,2,1979,0,943,135960
"571",5,1965,1728,1728,2,10,2,576,0,1987,108,1728,142600
"572",6,1959,864,864,1,4,1,288,0,1959,207,864,120000
"573",7,2009,846,1692,2,6,2,650,0,2009,0,846,224500
"574",7,2000,384,1430,2,8,2,400,1,2000,0,774,170000
"575",5,1971,372,1109,1,5,1,288,0,1971,82,576,139000
"576",5,1947,832,1216,1,6,1,336,0,1947,0,832,118500
"577",7,1928,861,1477,2,6,1,216,1,1928,0,877,145000
"578",5,1966,1164,1320,1,6,2,564,2,1966,97,1320,164500
"579",7,2007,689,1392,2,5,2,540,0,2007,0,703,146000
"580",5,1954,1050,1795,2,7,1,352,0,1954,335,1050,131500
"581",6,1960,1144,1429,1,7,2,572,2,1960,85,1429,181900
"582",8,2008,2042,2042,2,8,3,1390,1,2009,306,2042,253293
"583",6,1990,816,816,1,5,0,0,0,1978.50616388687,104,816,118500
"584",10,1893,1237,2775,3,9,2,880,1,1988,0,1521,325000
"585",4,1935,884,1573,1,6,1,240,0,1935,0,989,133000
"586",8,2005,1868,2028,2,7,3,880,2,2005,208,2028,369900
"587",6,1918,816,838,1,5,1,275,0,1961,0,838,130000
"588",5,1982,840,860,1,4,2,528,0,1996,0,860,137000
"589",5,1968,1437,1473,1,5,1,452,2,1968,0,1473,143000
"590",5,1930,742,935,1,4,1,308,0,1988,0,779,79500
"591",7,2004,770,1582,2,6,2,520,0,2004,0,770,185900
"592",10,2008,1722,2296,2,10,3,842,1,2008,420,1728,451950
"593",5,1982,816,816,1,4,2,816,0,1985,0,816,138000
"594",6,2003,848,848,1,4,2,420,0,2003,170,848,140000
"595",5,1975,924,924,1,5,1,280,0,1981,0,924,110000
"596",8,2005,1814,1826,2,7,3,758,1,2005,238,1826,319000
"597",6,1910,684,1368,1,7,1,216,0,1930,0,684,114504
"598",7,2006,1258,1402,0,7,3,648,1,2006,72,1402,194201
"599",5,1977,1430,1647,2,7,2,621,1,1977,459,1647,217500
"600",6,1980,716,1556,2,6,2,452,1,1980,0,716,151000
"601",8,2005,1058,1904,2,8,2,736,1,2003,280,1058,275000
"602",6,1937,780,1375,1,6,1,544,1,1979,0,780,141000
"603",8,1992,908,1915,2,8,2,506,1,1992,0,927,220000
"604",7,2004,600,1200,2,4,2,480,0,2004,0,600,151000
"605",7,2002,1494,1494,2,6,2,530,1,2002,99,1494,221000
"606",7,1965,768,1986,2,7,2,486,3,1965,176,1186,205000
"607",5,1996,1040,1040,1,6,2,576,0,2000,0,1040,152000
"608",5,1948,896,2008,3,8,1,230,0,1948,0,1112,225000
"609",8,1934,965,3194,2,10,2,380,2,1934,0,1940,359100
"610",4,1961,1029,1029,1,5,1,261,0,1961,192,1029,118500
"611",9,2000,1440,2153,2,8,3,736,2,2000,204,1476,313000
"612",6,1978,1032,1032,2,6,2,564,1,1978,233,1032,148000
"613",8,2001,1299,1872,2,7,2,531,1,2001,108,1299,261500
"614",5,2007,1120,1120,1,6,0,0,0,1978.50616388687,0,1120,147000
"615",4,1972,630,630,1,3,0,0,0,1978.50616388687,0,630,75500
"616",6,1963,936,1054,1,6,2,480,0,1963,156,1054,137500
"617",6,2002,783,1509,2,7,2,393,1,2002,0,807,183200
"618",6,1954,832,832,1,4,2,528,0,1962,0,832,105500
"619",9,2007,1822,1828,2,9,3,774,1,2007,452,1828,314813
"620",8,2003,1482,2262,2,10,3,749,2,2003,226,1482,305000
"621",3,1914,864,864,1,5,0,0,0,1978.50616388687,0,864,67000
"622",6,1974,1522,2614,2,9,2,624,1,1974,0,1548,240000
"623",5,1977,980,980,1,6,2,484,0,1986,153,980,135000
"624",6,2000,756,1512,2,4,2,440,1,2000,513,756,168500
"625",6,1972,732,1790,1,8,2,484,1,1972,288,1012,165150
"626",6,1962,1116,1116,1,5,2,440,0,1962,261,1116,160000
"627",5,1960,978,1422,1,6,1,286,1,1960,0,1422,139900
"628",6,1955,1156,1520,1,7,1,364,2,1955,164,1520,153000
"629",5,1969,1040,2080,1,9,2,504,2,1969,192,1040,135000
"630",6,1964,1248,1350,1,6,2,520,0,1964,259,1350,168500
"631",5,1880,636,1750,1,8,1,240,0,1937,0,1089,124000
"632",8,2006,1554,1554,2,6,2,627,1,2006,108,1554,209500
"633",7,1977,1386,1411,2,6,2,544,1,1977,209,1411,82500
"634",5,1954,1056,1056,1,6,1,260,0,1954,0,1056,139400
"635",6,1980,1056,1056,0,4,2,576,0,1980,0,1056,144000
"636",6,1914,1440,3395,2,14,0,0,0,1978.50616388687,0,1440,200000
"637",2,1936,264,800,1,4,0,0,1,1978.50616388687,0,800,60000
"638",5,1954,811,1387,2,7,1,256,0,1954,0,811,93000
"639",5,1910,796,796,1,4,0,0,0,1978.50616388687,0,796,85000
"640",8,2006,1520,1567,2,7,3,648,1,2006,0,1567,264561
"641",8,2003,1518,1518,1,6,2,588,1,2003,472,1518,274000
"642",7,2001,1057,1929,2,7,2,650,1,2001,0,1057,226000
"643",8,1972,1952,2704,2,9,2,538,3,1972,0,2000,345000
"644",5,1969,780,1620,2,7,2,462,0,1969,263,780,152000
"645",9,2009,1766,1766,2,7,3,478,1,2009,162,1766,370878
"646",6,1971,981,981,1,5,2,576,0,1979,0,981,143250
"647",5,1950,0,1048,1,7,2,420,0,1950,0,1048,98300
"648",6,1953,1094,1094,1,5,2,495,2,1953,216,1094,155000
"649",6,1966,756,1839,1,7,2,442,1,1966,351,1051,155000
"650",4,1970,630,630,1,3,0,0,0,1978.50616388687,0,630,84500
"651",7,2007,813,1665,2,7,2,562,0,2007,103.685261707989,822,205950
"652",4,1940,755,1510,1,7,1,296,1,1940,0,755,108000
"653",7,1996,880,1716,2,7,2,512,1,1996,0,909,191000
"654",6,1906,756,1469,1,7,1,216,0,1906,0,756,135000
"655",8,1995,2109,2113,2,7,3,839,1,1995,660,2113,350000
"656",6,1971,525,1092,1,6,1,264,0,1971,381,525,88000
"657",5,1959,1053,1053,1,5,1,312,0,1959,54,1053,145500
"658",7,1931,776,1502,1,6,1,270,1,1931,0,851,149000
"659",6,1948,912,1458,1,6,1,330,1,1948,0,912,97500
"660",5,1964,1486,1486,1,7,2,480,0,1968,0,1486,167000
"661",7,1976,793,1935,2,7,2,550,1,1976,233,1142,197900
"662",8,1994,1629,2448,2,8,3,711,1,1994,528,1686,402000
"663",6,1968,1392,1392,1,5,2,576,2,1968,216,1392,110000
"664",4,1972,1138,1181,2,6,2,588,0,1974,0,1181,137500
"665",8,2005,2077,2097,1,8,3,1134,1,2005,0,2097,423000
"666",8,2000,1406,1936,2,7,2,504,1,2000,40,1454,230500
"667",6,1965,1021,2380,2,7,2,596,1,1965,113,1465,129000
"668",6,1994,1408,1679,2,7,2,575,1,1994,258,1679,193500
"669",5,1956,1188,1437,1,6,2,576,1,1999,0,1437,168000
"670",4,1922,700,1180,1,5,1,252,1,1922,0,1180,137500
"671",6,2005,738,1476,2,7,2,540,0,2005,0,738,173500
"672",6,1925,672,1369,2,6,1,300,0,1930,0,697,103600
"673",6,1977,1208,1208,1,6,2,546,1,1977,0,1208,165000
"674",6,1957,1477,1839,2,7,2,416,2,1957,106,1839,257500
"675",6,1965,1136,1136,1,5,1,384,1,1965,0,1136,140000
"676",6,1978,855,1441,2,7,2,440,1,1978,0,855,148500
"677",4,1900,1095,1774,2,8,3,779,0,1920,0,1095,87000
"678",5,1924,768,792,1,5,1,240,0,1924,0,792,109500
"679",8,2008,2046,2046,2,7,3,834,1,2008,464,2046,372500
"680",5,1961,988,988,1,5,2,572,0,1963,57,988,128500
"681",6,1980,923,923,2,5,1,264,1,1980,0,923,143000
"682",5,1932,793,1520,1,6,1,281,0,1968,0,848,159434
"683",6,1996,1291,1291,1,6,2,431,1,1996,0,1291,173000
"684",9,2002,1626,1668,2,7,3,702,1,2002,215,1668,285000
"685",7,1998,1195,1839,2,7,2,486,0,1998,30,1195,221000
"686",7,1984,1190,2090,2,6,2,577,1,1984,0,1190,207500
"687",7,2007,874,1761,3,7,2,578,0,2007,0,874,227875
"688",7,2004,551,1102,2,4,2,480,0,2004,0,551,148800
"689",8,2007,1419,1419,2,7,2,567,1,2007,0,1419,392000
"690",6,2005,1362,1362,2,6,2,460,1,2005,256,1362,194700
"691",6,2004,848,848,1,3,2,420,1,2004,147,848,141000
"692",10,1994,2444,4316,3,10,3,832,2,1994,1170,2444,755000
"693",7,1989,1210,2519,2,9,2,628,2,1989,293,1238,335000
"694",5,1921,1073,1073,1,4,1,326,0,1968,0,1073,108480
"695",5,1936,927,1539,1,5,2,576,0,1995,0,1067,141500
"696",6,1987,1112,1137,2,5,2,551,1,1987,72,1137,176000
"697",5,1921,616,616,1,4,1,205,0,1921,0,616,89000
"698",5,1952,980,1148,1,6,1,308,0,1952,0,1148,123500
"699",5,1965,894,894,1,5,1,336,1,1973,0,894,138500
"700",7,2004,1391,1391,2,5,2,530,0,2004,0,1391,196000
"701",8,2002,1800,1800,2,7,3,765,1,2002,630,1800,312500
"702",7,1969,1164,1164,1,6,2,528,0,1969,168,1164,140000
"703",8,2006,1234,2576,2,10,3,666,1,2006,466,1264,361919
"704",5,1900,360,1812,2,8,2,672,1,1999,0,1032,140000
"705",7,2004,1473,1484,2,7,2,606,0,2004,109,1484,213000
"706",4,1930,0,1092,2,7,0,0,0,1978.50616388687,0,372,55000
"707",7,1971,1643,1824,2,5,2,739,2,1971,351,1824,302000
"708",8,2006,1324,1324,2,6,2,550,1,2006,176,1324,254000
"709",7,2007,728,1456,2,8,2,400,1,2007,0,728,179540
"710",5,1966,876,904,1,6,1,408,0,1966,41,904,109900
"711",3,1935,270,729,1,5,0,0,0,1978.50616388687,0,729,52000
"712",4,1900,859,1178,1,7,1,384,0,1964,0,859,102776
"713",8,1988,1228,1228,2,5,2,472,1,1988,0,1228,189000
"714",4,1970,960,960,1,6,2,576,0,1970,160,960,129000
"715",6,1976,725,1479,2,6,2,475,0,1976,289,725,130500
"716",6,1974,1064,1350,2,7,2,478,1,1974,174,1350,165000
"717",7,1890,718,2554,1,8,2,704,0,1996,0,1576,159500
"718",5,1973,1176,1178,1,5,2,439,1,1973,0,1178,157000
"719",7,1993,1311,2418,2,9,3,983,1,1993,651,1325,341000
"720",5,1969,971,971,1,5,1,300,1,1969,0,971,128500
"721",8,1985,1742,1742,2,5,2,564,1,1985,0,1742,275000
"722",6,2004,848,848,1,3,2,420,0,2004,169,848,143000
"723",4,1970,864,864,1,5,2,463,0,1994,0,864,124500
"724",4,1954,941,1470,2,7,1,548,0,1958,0,997,135000
"725",9,2007,1698,1698,2,8,3,768,1,2007,340,1698,320000
"726",4,1970,864,864,1,5,2,660,0,1989,0,864,120500
"727",6,1988,880,1680,2,5,2,540,1,1988,260,1680,222000
"728",7,2007,1232,1232,2,6,2,632,0,2007,82,1232,194500
"729",5,1958,1584,1776,2,9,3,888,0,1968,95,1776,110000
"730",4,1925,780,1208,1,5,2,539,0,1962,0,848,103000
"731",8,1995,1595,1616,2,5,2,608,1,1995,0,1616,236500
"732",7,2003,868,1146,2,6,2,438,1,2003,442,1146,187500
"733",7,1998,1153,2031,2,8,2,541,1,1998,202,1153,222500
"734",5,1961,864,1144,1,6,1,264,1,1961,0,1144,131400
"735",5,1968,948,948,1,6,1,300,0,1968,0,948,108000
"736",7,1914,880,1768,1,6,2,320,2,1914,0,880,163000
"737",3,1950,0,1040,2,6,2,400,0,1949,0,1040,93500
"738",8,2005,893,1801,2,8,3,800,1,2005,0,901,239900
"739",5,1987,1200,1200,3,5,0,0,0,1978.50616388687,0,1200,179000
"740",7,2004,864,1728,2,7,2,572,0,2004,0,864,190000
"741",5,1910,264,1432,2,7,2,360,0,1910,0,768,132000
"742",6,1961,912,912,1,5,1,288,0,1962,0,912,142000
"743",7,2000,1349,1349,2,6,2,539,0,2000,108,1349,179000
"744",5,1963,520,1464,2,6,2,480,1,1997,0,1464,175000
"745",8,1993,1337,1337,2,5,2,462,1,1993,0,1337,180000
"746",8,1976,1142,2715,3,11,2,831,2,1994,289,1175,299800
"747",7,2000,952,2256,2,8,2,554,1,2000,0,980,236000
"748",7,1880,1240,2640,1,8,4,864,1,1950,0,1320,265979
"749",7,1996,1720,1720,2,7,2,527,1,1996,338,1720,260400
"750",4,1945,0,1529,2,9,1,240,0,1945,0,1088,98000
"751",4,1910,576,1140,1,7,0,0,0,1978.50616388687,0,792,96500
"752",7,2003,660,1320,2,6,2,400,0,2003,0,660,162000
"753",6,1997,1479,1494,2,6,2,576,0,1997,0,1494,217000
"754",8,2005,1030,2098,2,8,3,878,1,2005,178,1038,275500
"755",6,1969,1026,1026,1,5,2,440,0,1969,0,1026,156000
"756",6,1999,729,1471,2,6,2,440,0,1999,894,742,172500
"757",8,2007,866,1768,2,7,2,578,0,2007,0,866,212000
"758",6,1978,672,1386,2,6,2,440,1,1978,328,672,158900
"759",7,1999,744,1501,2,6,2,440,0,1999,360,757,179400
"760",8,1995,1318,2531,2,9,3,752,1,1995,513,1328,290000
"761",6,1959,864,864,1,5,1,300,0,2008,0,864,127500
"762",5,1924,1145,1301,1,5,2,440,0,1965,0,1301,100000
"763",7,2009,756,1547,2,7,2,614,0,2009,0,764,215200
"764",8,1999,1252,2365,2,8,3,856,1,1999,673,1268,337000
"765",8,1995,1494,1494,1,6,2,481,1,1995,0,1494,270000
"766",9,2008,1498,1506,2,6,2,592,1,2008,284,1506,264132
"767",7,1988,980,1714,2,7,2,496,1,1988,42,980,196500
"768",6,1940,983,1750,2,7,1,423,0,1989,0,983,160000
"769",7,2004,1860,1836,2,8,2,484,1,2004,0,1836,216837
"770",8,2003,1650,3279,3,12,3,841,1,2003,603,1690,538000
"771",5,1982,858,858,1,5,2,576,0,1983,0,858,134900
"772",4,1951,836,1220,1,6,2,396,0,1951,0,1220,102000
"773",6,1976,1029,1117,1,6,2,672,1,1976,0,1117,107000
"774",5,1958,912,912,1,5,1,275,0,1958,1,912,114500
"775",8,2006,1935,1973,2,9,3,895,1,2006,375,1973,395000
"776",6,1998,1204,1204,2,5,2,412,0,1998,320,1204,162000
"777",7,2005,1614,1614,2,7,3,865,0,2005,240,1614,221500
"778",5,1974,864,894,1,5,2,440,1,1974,0,894,142500
"779",5,1977,0,2020,2,10,2,630,2,1977,320,2020,144000
"780",6,1977,975,1004,1,4,2,504,0,1977,90,1004,135000
"781",7,1995,1237,1253,2,6,2,402,1,1995,38,1253,176000
"782",6,1992,761,1603,2,7,2,484,0,1992,0,810,175900
"783",7,2001,1413,1430,2,6,2,605,0,2001,0,1430,187100
"784",5,1978,1097,1110,1,4,2,602,1,1978,104,1110,165500
"785",6,1914,742,1484,2,9,0,0,1,1978.50616388687,0,742,128000
"786",6,1967,1372,1342,2,7,2,457,1,1967,0,1342,161500
"787",5,1915,686,1652,2,7,1,416,0,1961,0,966,139000
"788",7,2004,956,2084,2,8,2,618,0,2004,0,956,233000
"789",4,1954,901,901,1,4,1,281,0,1954,0,901,107900
"790",6,1966,832,2087,2,9,2,444,0,1966,157,976,187500
"791",7,2005,1145,1145,2,5,2,397,1,2005,11,1145,160200
"792",6,1976,1029,1062,1,5,2,539,2,1976,0,1062,146800
"793",7,1996,1117,2013,2,8,2,455,1,1997,0,1127,269790
"794",8,2007,1496,1496,2,7,2,474,0,2007,140,1496,225000
"795",7,1994,712,1895,2,7,2,409,1,1994,0,1086,194500
"796",6,1980,650,1564,2,7,2,476,1,1980,130,888,171000
"797",6,1977,660,1285,1,7,2,528,1,1977,148,1285,143500
"798",5,1953,773,773,1,4,1,240,0,1953,0,773,110000
"799",9,2008,1926,3140,3,11,3,820,2,2009,860,1966,485000
"800",5,1937,731,1768,1,7,1,240,2,1939,252,981,175000
"801",6,1997,616,1688,2,8,2,603,0,1997,0,616,200000
"802",4,1916,1196,1196,1,5,2,440,0,1957,0,1196,109900
"803",7,2005,728,1456,2,7,2,410,1,2005,0,728,189000
"804",9,2008,1734,2822,3,12,3,1020,1,2009,424,1734,582933
"805",5,1954,936,1128,1,5,1,286,0,1954,0,1128,118000
"806",7,2008,1417,1428,2,6,2,554,0,2008,256,1428,227680
"807",5,1967,980,980,2,6,1,384,0,1967,0,980,135500
"808",5,1923,1324,1576,1,6,2,528,1,1923,0,1072,223500
"809",5,1966,1024,1086,1,6,2,484,1,1966,1047,1086,159950
"810",5,1898,849,2138,2,11,2,360,0,1910,0,1075,106000
"811",6,1974,1040,1309,1,5,2,484,1,1974,99,1309,181000
"812",6,2004,848,848,1,4,2,420,1,2004,169,848,144500
"813",5,1952,540,1044,1,4,2,504,0,1952,0,1044,55993
"814",6,1958,1442,1442,1,7,1,301,0,1958,243,1442,157900
"815",5,1918,686,1250,1,7,1,280,0,1955,0,686,116000
"816",7,1998,1649,1661,2,6,2,598,0,1998,442,1661,224900
"817",5,1954,1008,1008,1,4,1,275,1,1954,0,1008,137000
"818",8,2002,1568,1689,2,7,3,857,2,2002,148,1689,271000
"819",6,1971,1010,1052,1,6,2,440,0,1971,80,1052,155000
"820",7,2009,1358,1358,2,6,2,484,1,2010,128,1358,224000
"821",7,2003,798,1640,2,6,2,595,0,2003,0,798,183000
"822",4,1953,936,936,1,4,2,576,0,1974,0,936,93000
"823",7,2003,847,1733,2,7,2,433,1,2003,0,847,225000
"824",6,1940,778,1489,2,7,1,240,1,1940,0,944,139500
"825",8,2006,1489,1489,2,7,2,776,1,2006,0,1489,232600
"826",10,2007,2078,2084,2,7,3,1220,1,2007,816,2084,385000
"827",5,1924,784,784,1,5,0,0,0,1978.50616388687,0,784,109500
"828",7,2001,1454,1434,2,6,2,527,1,2001,0,1434,189000
"829",5,1967,1013,2126,2,7,2,538,0,1967,0,1160,185000
"830",7,2005,600,1223,2,4,2,480,0,2005,0,520,147400
"831",6,1957,1392,1392,1,6,2,458,2,1957,387,1392,166000
"832",7,2005,600,1200,2,4,2,480,0,2005,0,520,151000
"833",7,2003,941,1829,2,7,2,613,1,2003,223,941,237000
"834",6,1964,1516,1516,1,6,2,472,0,1964,180,1516,167000
"835",5,1961,1144,1144,1,6,2,456,0,1961,136,1144,139950
"836",4,1950,1067,1067,2,4,2,436,0,1996,0,1067,128000
"837",5,1948,1559,1559,1,5,2,812,0,1948,0,1559,153500
"838",6,1973,483,987,1,5,1,264,0,1973,158,483,100000
"839",5,1995,1099,1099,1,6,1,352,0,1999,0,1099,144000
"840",5,1946,768,1200,1,6,1,240,0,1946,0,768,130500
"841",6,1925,672,1482,2,7,1,400,0,1934,0,810,140000
"842",5,1904,650,1539,2,8,2,686,1,1983,0,958,157500
"843",6,1966,1127,1165,1,6,2,490,0,1966,183,1165,174900
"844",5,1961,1800,1800,2,10,0,0,0,1978.50616388687,0,1800,141000
"845",5,1915,876,1416,1,7,3,720,1,1949,0,876,153900
"846",5,1975,1390,1701,2,6,2,611,2,1975,0,1701,171000
"847",7,1993,740,1775,2,7,2,425,1,1993,137,1006,213000
"848",5,1972,864,864,1,5,1,338,1,1972,0,864,133500
"849",6,1908,907,2358,3,10,2,360,1,1908,0,1307,240000
"850",6,1976,528,1855,2,7,2,512,1,1976,360,1094,187000
"851",6,2003,848,848,1,3,2,420,0,2003,170,848,131500
"852",8,2003,1273,1456,2,7,2,400,1,2003,40,1456,215000
"853",7,1941,918,1646,2,7,1,240,2,1941,0,918,164000
"854",6,1964,1127,1445,1,7,2,645,1,1964,115,1445,158000
"855",5,1955,1763,1779,1,6,2,454,1,1955,0,1779,170000
"856",5,1962,1040,1040,1,6,1,260,0,1962,0,1040,127000
"857",6,1978,940,1026,1,5,2,576,0,1981,0,1026,147000
"858",6,1994,702,1481,2,6,2,343,1,1994,0,702,174000
"859",7,1976,1090,1370,2,6,2,479,1,1976,189,1370,152000
"860",6,1968,1054,2654,2,9,2,619,1,1968,220,1512,250000
"861",7,1918,912,1426,1,7,1,216,1,1925,0,912,189950
"862",5,1965,1039,1039,1,6,2,504,0,1965,0,1039,131500
"863",6,1984,1040,1097,2,6,2,480,0,1986,0,1097,152000
"864",5,1959,1148,1148,1,6,1,672,0,1959,0,1148,132500
"865",7,2007,1372,1372,2,6,2,529,0,2008,0,1372,250580
"866",5,1970,1002,1002,1,5,2,902,0,1973,76,1002,148500
"867",8,2006,1638,1646,2,6,3,870,1,2007,274,1646,248900
"868",4,1961,1040,1120,1,5,2,544,0,1961,0,1120,129000
"869",5,1948,0,2320,2,7,2,672,1,1979,0,1547,169000
"870",7,1993,1050,1949,2,8,2,574,1,1993,246,1062,236000
"871",5,1962,894,894,1,5,1,308,0,1962,0,894,109500
"872",6,1998,804,1682,2,7,2,523,0,1998,116,804,200500
"873",5,1953,105,910,1,5,2,414,0,1953,0,910,116000
"874",5,1949,832,1268,1,6,1,288,1,1949,0,1036,133000
"875",5,1941,676,1131,1,5,1,200,0,1941,0,676,66500
"876",8,2007,1184,2610,2,11,2,550,1,2007,0,1184,303477
"877",4,1963,1064,1040,1,5,2,648,0,1963,0,1040,132250
"878",9,2004,1462,2224,2,10,3,738,1,2004,216,1462,350000
"879",5,1961,1109,1155,1,6,2,576,0,1987,0,1155,148000
"880",5,1978,864,864,1,6,1,336,0,1978,90,864,136500
"881",5,2005,1090,1090,1,5,2,450,0,2005,0,1090,157000
"882",7,1990,1156,1717,2,7,2,400,1,1990,117,1187,187500
"883",6,1992,808,1593,2,7,2,389,1,1993,0,808,178000
"884",4,1912,795,2230,1,10,1,440,0,1997,0,954,118500
"885",5,1967,892,892,1,5,1,288,0,1967,60,892,100000
"886",9,1999,1698,1709,2,5,2,506,1,1999,60,1709,328900
"887",5,1959,1626,1712,2,8,2,588,0,2005,122,1712,145000
"888",5,1955,816,1393,1,8,1,300,0,1955,0,872,135500
"889",8,1970,2217,2217,2,8,2,621,1,1970,0,2217,268000
"890",6,1953,1505,1505,1,6,2,505,1,1953,90,1505,149500
"891",5,1949,672,924,1,6,2,576,1,2003,0,672,122900
"892",6,1978,918,1683,2,7,2,440,1,1978,92,918,172500
"893",6,1963,1059,1068,1,6,1,264,0,1963,0,1068,154500
"894",5,1954,1383,1383,1,6,1,354,1,1954,0,1383,165000
"895",5,1979,0,1535,2,8,2,400,0,1979,0,1535,118858
"896",6,1963,780,1796,1,8,2,483,1,1963,415,983,140000
"897",4,1936,951,951,1,6,1,327,0,1936,0,951,106500
"898",5,1979,0,2240,2,12,2,528,0,1979,0,1120,142953
"899",9,2009,2330,2364,2,11,3,820,2,2009,760,2364,611657
"900",5,1961,912,1236,1,6,1,288,1,1961,0,1236,135000
"901",4,1971,858,858,1,4,1,684,0,1979,0,858,110000
"902",5,1957,992,1306,1,5,1,756,0,1968,0,1306,153000
"903",7,2003,783,1509,2,8,2,393,1,2003,0,807,180000
"904",7,2006,1670,1670,2,7,3,690,1,2006,27,1670,240000
"905",5,1967,876,902,1,6,1,288,0,1967,75,902,125500
"906",5,1954,1056,1063,1,6,1,280,0,1954,110,1063,128000
"907",8,2006,1623,1636,2,8,3,865,1,2006,208,1636,255000
"908",7,1936,1017,2057,1,6,1,180,1,1936,0,1020,250000
"909",5,1983,864,902,1,5,2,484,0,1983,0,902,131000
"910",6,2005,742,1484,2,8,2,390,1,2005,0,742,174000
"911",5,1960,1105,2274,2,12,2,480,0,1960,361,1105,154300
"912",5,1977,1268,1268,1,5,1,252,0,1978,0,1268,143500
"913",5,1925,768,1015,1,6,1,450,0,1925,0,1015,88000
"914",5,1949,1001,2002,2,8,3,871,0,1949,0,1001,145000
"915",6,2009,612,1224,2,4,2,528,0,2009,76,612,173733
"916",4,1970,546,1092,1,6,1,286,0,1970,80,546,75000
"917",2,1949,480,480,0,4,1,308,0,1958,0,480,35311
"918",4,1956,1134,1229,1,6,1,284,0,1956,0,1229,135000
"919",7,1991,1104,2127,2,8,3,833,1,1991,0,912,238000
"920",6,1958,1184,1414,1,6,2,601,1,1990,0,1414,176500
"921",6,1994,928,1721,2,7,2,471,0,1994,105,936,201000
"922",5,1900,1272,2200,2,9,0,0,0,1978.50616388687,0,1272,145900
"923",6,2005,1316,1316,2,6,2,397,1,2005,0,1316,169990
"924",6,1993,1604,1617,2,5,2,533,1,1993,0,1617,193000
"925",6,1980,1686,1686,2,7,2,612,1,1980,157,1686,207500
"926",5,1977,1126,1126,2,6,2,540,0,1977,0,1126,175000
"927",8,2003,1181,2374,2,10,3,656,1,2003,340,1234,285000
"928",7,1968,832,1978,2,9,2,486,1,1968,342,1098,176000
"929",8,2001,1753,1788,2,7,2,522,1,2001,0,1788,236500
"930",7,1997,964,2236,2,8,2,642,1,1997,285,993,222000
"931",8,2007,1466,1466,2,7,3,610,0,2007,0,1466,201000
"932",5,1965,925,925,1,5,1,429,0,1965,0,925,117500
"933",9,2006,1905,1905,2,8,3,788,1,2006,302,1905,320000
"934",7,2004,1500,1500,2,6,2,570,0,2004,210,1500,190000
"935",7,1960,585,2069,2,9,2,505,1,1960,0,2069,242000
"936",4,1926,600,747,1,5,2,528,0,1953,108,747,79900
"937",7,2003,1176,1200,2,5,2,555,0,2003,103.685261707989,1200,184900
"938",7,2005,1113,1971,2,8,2,689,1,2005,0,1113,253000
"939",7,2006,1391,1962,2,7,3,868,0,2006,0,1391,239799
"940",7,1940,1032,2403,2,10,1,349,2,1940,0,1207,244400
"941",6,1976,1728,1728,2,8,2,574,0,1976,0,1728,150900
"942",7,1999,992,2060,2,8,2,390,1,1999,298,1022,214000
"943",4,1977,1440,1440,2,8,0,0,0,1978.50616388687,0,1440,150000
"944",5,1967,1632,1632,2,8,2,576,0,1967,0,1632,143000
"945",5,1890,1088,1869,1,7,2,456,0,1963,0,1188,124900
"946",5,1959,1144,1144,1,6,1,796,1,1959,128,1144,143000
"947",8,2002,1616,1629,2,9,3,808,1,2002,236,1629,270000
"948",7,2002,936,1776,2,7,2,474,1,2002,144,936,192500
"949",6,1972,1161,1381,1,5,2,676,1,1972,0,1381,197500
"950",5,1950,864,864,1,5,2,720,0,1980,0,864,129000
"951",5,1965,828,965,1,6,1,300,0,1979,0,965,119900
"952",5,1972,768,768,1,5,1,396,0,1974,0,768,133900
"953",5,1969,784,1968,2,7,2,530,1,1969,232,1168,172000
"954",6,1975,945,980,2,4,0,0,0,1978.50616388687,250,980,127500
"955",6,1946,979,1958,2,8,2,492,0,1946,423,979,145000
"956",6,1980,561,1229,1,5,2,462,1,1980,0,561,124000
"957",5,1962,1057,1057,1,6,2,576,0,1977,0,1057,132000
"958",7,2003,1337,1337,2,6,2,531,0,2003,0,1337,185000
"959",7,1999,696,1416,2,6,2,484,0,1999,0,696,155000
"960",5,1958,858,858,1,4,0,0,0,1978.50616388687,0,858,116500
"961",6,1977,1330,2872,2,11,2,619,1,1977,424,1542,272000
"962",6,1976,804,1548,2,7,2,440,1,1976,0,804,155000
"963",9,2007,1800,1800,2,7,2,702,0,2007,0,1800,239000
"964",7,2002,817,1894,2,8,2,510,1,2002,44,824,214900
"965",6,2005,783,1484,2,8,2,393,1,2005,0,783,178900
"966",5,1940,728,1308,1,7,1,256,2,1940,0,976,160000
"967",5,1955,1098,1098,1,6,1,260,0,1955,151,1098,135000
"968",3,1910,600,968,1,6,0,0,0,1978.50616388687,0,600,37900
"969",6,1958,588,1095,1,6,1,264,0,1958,105,1095,140000
"970",4,1949,720,1192,1,6,0,0,0,1978.50616388687,0,720,135000
"971",7,2003,764,1626,2,6,2,474,0,2003,106,764,173000
"972",6,1979,918,918,2,5,1,264,1,1979,0,918,99500
"973",7,2007,1428,1428,2,6,2,480,0,2007,103.685261707989,1428,182000
"974",7,1910,728,2019,1,8,2,532,0,1997,0,1136,167500
"975",7,2000,673,1382,2,6,2,490,0,2000,0,673,165000
"976",4,1923,440,869,1,4,0,0,0,1978.50616388687,0,869,85500
"977",7,2006,1241,1241,1,4,2,569,0,2007,103.685261707989,1241,199900
"978",4,1954,894,894,1,5,2,400,0,1999,0,894,110000
"979",5,1963,1121,1121,1,5,2,480,0,1963,0,1121,139000
"980",7,1961,944,999,1,6,2,588,0,1961,210,999,178400
"981",8,1998,1225,2612,2,8,3,676,1,1998,975,1276,336000
"982",7,2007,1266,1266,2,6,2,388,1,2007,16,1266,159895
"983",8,2002,1128,2290,2,9,2,779,1,2002,0,1149,255900
"984",5,1977,0,1734,2,8,2,539,0,1977,0,1302,126000
"985",5,1950,1164,1164,1,5,1,240,0,1950,0,1164,125000
"986",6,1910,485,1635,1,5,1,255,0,1950,0,1001,117000
"987",9,2009,1930,1940,2,8,3,606,1,2010,450,1940,395192
"988",6,1976,848,2030,2,8,2,551,1,1976,298,1118,195000
"989",7,2006,770,1576,2,6,2,614,0,2006,0,778,197000
"990",8,1997,1396,2392,2,7,3,870,1,1997,423,1407,348000
"991",8,1882,916,1742,1,8,2,424,1,1925,0,916,168000
"992",6,1964,822,1851,2,7,2,440,1,1964,340,1020,187000
"993",6,2005,750,1500,2,6,2,564,0,2005,0,750,173900
"994",10,2006,1700,1718,2,7,3,786,1,2008,230,1718,337500
"995",4,1946,747,1230,1,5,1,305,0,1946,0,774,121600
"996",5,1961,1050,1050,1,6,1,368,0,1961,0,1050,136500
"997",6,1970,1442,1442,2,6,2,615,1,1970,571,1442,185000
"998",3,1922,1007,1077,1,6,1,210,1,1922,0,1077,91000
"999",7,2006,1187,1208,2,6,2,632,0,2006,24,1208,206000
"1000",3,1952,0,944,1,4,2,528,0,1956,0,944,82000
"1001",5,1920,691,691,1,4,1,216,0,1920,0,691,86000
"1002",8,2006,1574,1574,2,7,3,824,1,2006,53,1574,232000
"1003",5,1976,1680,1680,2,8,2,528,0,1976,164,1680,136905
"1004",7,2005,1346,1504,2,7,2,457,1,2005,16,1504,181000
"1005",5,1977,985,985,2,6,1,328,0,1977,220,985,149900
"1006",6,1970,1657,1657,2,7,2,484,1,1970,0,1657,163500
"1007",4,1970,546,1092,1,6,1,286,0,1970,0,546,88000
"1008",7,2004,1710,1710,2,7,2,550,1,2004,108,1710,240000
"1009",5,1926,1008,1522,2,7,0,0,0,1978.50616388687,0,1008,102000
"1010",5,1948,720,1271,2,7,1,312,1,1948,0,720,135000
"1011",5,1965,0,1664,2,8,0,0,0,1978.50616388687,0,1664,100000
"1012",6,1923,602,1502,1,7,1,180,2,1923,0,900,165000
"1013",5,1910,1022,1022,1,4,1,280,0,1956,0,1022,85000
"1014",6,1948,1082,1082,1,5,1,240,1,1948,206,1082,119200
"1015",8,2001,810,1665,2,6,2,528,0,2001,0,810,227000
"1016",7,1996,1504,1504,2,6,2,478,1,1996,196,1504,203000
"1017",8,1984,1220,1360,1,4,2,565,1,1984,0,1360,187500
"1018",7,1991,384,1472,2,7,2,402,1,1991,76,802,160000
"1019",7,2005,1362,1506,2,6,2,440,1,2005,145,1506,213490
"1020",4,2005,1132,1132,1,5,2,451,0,2005,0,1132,176000
"1021",7,2006,1199,1220,2,6,2,632,0,2006,84,1220,194000
"1022",5,1930,912,1248,1,6,1,160,0,1957,0,912,87000
"1023",7,2005,1346,1504,2,7,2,437,1,2005,14,1504,191000
"1024",8,1976,1565,2898,2,10,2,665,1,1976,0,2898,287000
"1025",5,1972,882,882,1,5,2,461,0,1980,0,882,112500
"1026",5,1960,1268,1264,1,6,2,461,2,1960,324,1264,167500
"1027",8,2007,1638,1646,2,7,3,800,1,2008,338,1646,293077
"1028",5,1941,768,1376,1,6,1,240,1,1941,0,968,105000
"1029",6,1972,672,1218,1,7,1,264,0,1972,281,672,118000
"1030",5,1916,686,1928,2,10,0,0,0,1978.50616388687,0,948,160000
"1031",7,1920,824,3082,2,12,2,672,2,1970,0,1687,197000
"1032",8,1993,1338,2520,2,10,3,796,1,1993,0,1352,310000
"1033",7,2002,1654,1654,2,6,3,900,0,2002,295,1654,230000
"1034",5,1938,920,954,1,5,1,240,1,1938,0,954,119750
"1035",4,1957,0,845,1,5,1,290,0,1957,0,845,84000
"1036",9,2007,1620,1620,2,6,3,912,1,2008,70,1620,315500
"1037",8,2001,1055,2263,2,7,2,905,1,2001,396,1055,287000
"1038",4,1970,546,1344,1,6,0,0,1,1978.50616388687,0,798,97000
"1039",4,1970,630,630,1,3,1,286,0,1970,0,630,80000
"1040",5,1957,1134,1803,2,8,2,484,1,1957,67,1803,155000
"1041",6,1966,800,1632,1,7,2,484,0,1966,252,800,173000
"1042",6,2005,1306,1306,2,5,2,624,1,2005,135,1306,196000
"1043",7,1990,1475,2329,2,10,2,514,1,1990,99,1532,262280
"1044",8,1981,2524,2524,2,9,2,542,1,1981,0,2524,278000
"1045",3,1955,0,1733,2,8,2,452,1,1955,0,1733,139600
"1046",9,2005,1992,2868,3,11,3,716,1,2005,208,1992,556581
"1047",5,1994,990,990,1,5,2,672,0,1996,0,990,145000
"1048",5,1960,0,1771,1,9,2,336,1,1960,75,1771,115000
"1049",4,1946,0,930,1,6,1,308,0,1946,0,930,84900
"1050",7,2007,1302,1302,2,6,2,436,0,2007,0,1302,176485
"1051",7,2007,1316,1316,2,6,2,440,1,2007,0,1316,200141
"1052",6,1964,816,1977,1,9,2,540,1,1964,272,1127,165000
"1053",5,1957,1216,1526,1,7,1,364,1,1957,145,1526,144500
"1054",8,2002,1065,1989,2,7,2,586,1,2002,210,1091,255000
"1055",6,1976,1193,1523,2,7,2,478,1,1976,160,1523,180000
"1056",7,2005,1364,1364,2,6,2,484,1,2005,240,1364,185850
"1057",7,1994,973,1850,2,7,2,467,1,1994,0,979,248000
"1058",9,2008,1104,2184,2,10,3,836,1,2008,154,1130,335000
"1059",6,1932,854,1991,1,7,2,432,1,1977,480,1096,220000
"1060",8,2001,1338,1338,2,6,2,582,0,2001,0,1338,213500
"1061",3,1935,894,894,1,6,3,1248,0,1994,0,894,81000
"1062",5,1900,662,2337,2,10,2,560,0,1945,0,1422,90000
"1063",6,1925,1103,1103,1,5,2,440,1,1976,0,1103,110500
"1064",5,1966,1154,1154,1,6,2,480,1,1966,200,1154,154000
"1065",7,1996,1306,2260,2,7,2,533,0,1996,0,1306,328000
"1066",6,1993,799,1571,2,7,2,380,1,1993,0,799,178000
"1067",6,1964,780,1611,1,7,2,442,0,1964,360,798,167900
"1068",6,1973,942,2521,2,10,2,576,1,1973,0,1291,151400
"1069",5,1949,845,893,1,4,2,576,0,1985,0,893,135000
"1070",5,1956,1048,1048,1,6,1,286,0,1956,120,1048,135000
"1071",6,1968,727,1556,1,8,2,441,0,1968,0,829,154000
"1072",5,1948,810,1456,1,7,1,280,1,1954,0,1002,91500
"1073",6,1977,690,1426,1,6,2,440,0,1977,140,698,159500
"1074",7,2006,1240,1240,2,5,3,826,0,2006,0,1240,194000
"1075",7,1940,800,1740,1,6,1,240,2,1940,0,960,219500
"1076",5,1936,796,1466,2,7,2,566,1,1950,0,1096,170000
"1077",5,1969,1096,1096,1,6,1,299,0,1969,0,1096,138800
"1078",6,2004,848,848,1,3,2,420,1,2004,169,848,155900
"1079",5,1994,990,990,1,5,1,299,0,1996,0,990,126000
"1080",6,1971,1258,1258,2,5,2,528,0,1971,144,1258,145000
"1081",5,1963,1040,1040,1,5,1,308,0,1963,0,1040,133000
"1082",7,2002,1459,1459,2,6,2,527,1,2002,100,1459,192000
"1083",6,1964,1251,1251,1,6,1,461,2,1964,425,1251,160000
"1084",6,1995,691,1498,2,6,2,409,1,1995,0,691,187500
"1085",6,1992,936,996,1,5,2,564,0,1992,0,996,147000
"1086",4,1973,546,1092,1,6,1,286,0,1973,0,546,83500
"1087",8,2005,1082,1953,2,9,3,1043,1,2005,0,1082,252000
"1088",7,2004,970,1709,2,7,2,380,0,2004,50,970,137500
"1089",8,2005,1247,1247,1,4,2,550,1,2005,0,1247,197000
"1090",3,1950,0,1040,2,6,2,400,0,1987,0,1040,92900
"1091",7,1999,600,1252,2,4,2,462,0,1999,212,624,160000
"1092",6,1925,1181,1694,2,7,2,576,1,1925,0,1390,136500
"1093",5,1965,864,1200,1,6,2,884,0,1977,166,1200,146000
"1094",5,1956,936,936,1,4,1,308,0,1956,0,936,129000
"1095",6,2006,1314,1314,2,6,2,440,1,2006,0,1314,176432
"1096",6,1914,684,1355,1,7,0,0,0,1978.50616388687,0,773,127000
"1097",8,1986,1074,1088,1,5,2,461,0,1987,0,1088,170000
"1098",4,1936,672,1324,1,6,1,240,0,1936,0,757,128000
"1099",7,1978,1271,1601,2,7,2,478,1,1978,206,1601,157000
"1100",2,1920,290,438,1,3,1,246,0,1930,0,438,60000
"1101",5,1971,950,950,1,5,1,280,0,1981,0,950,119500
"1102",5,1960,1010,1134,1,6,1,254,0,1960,45,1134,135000
"1103",6,1959,655,1194,1,6,2,539,1,1954,0,1194,159500
"1104",5,1970,630,1302,2,6,2,440,0,1970,304,630,106000
"1105",8,1994,1463,2622,2,9,2,712,2,1994,362,1500,325000
"1106",7,1990,910,1442,2,6,2,719,1,1990,0,1442,179900
"1107",7,2006,868,2021,2,9,2,422,1,2006,0,887,274725
"1108",6,2000,924,1690,2,7,2,463,1,2000,0,948,181000
"1109",8,2004,1836,1836,2,7,3,862,1,2004,42,1836,280000
"1110",6,1995,773,1658,2,8,2,431,1,1995,0,773,188000
"1111",7,1976,803,1964,2,8,2,483,1,1976,660,1098,205000
"1112",5,1957,816,816,1,5,1,308,0,1957,0,816,129900
"1113",5,1953,1008,1008,1,6,1,240,0,1953,0,1008,134500
"1114",5,1954,833,833,1,4,1,326,0,1955,0,833,117000
"1115",8,2007,1734,1734,2,7,3,928,1,2007,328,1734,318000
"1116",8,2002,408,1419,2,7,2,527,1,2002,0,779,184100
"1117",5,1967,894,894,1,5,2,450,0,1967,0,894,130000
"1118",5,1958,533,1601,1,6,1,300,0,1958,0,1021,140000
"1119",5,1959,1040,1040,1,6,1,286,0,1959,0,1040,133700
"1120",6,1920,1012,1012,1,6,1,308,1,1920,0,1012,118400
"1121",7,2005,1552,1552,2,7,3,782,0,2005,196,1552,212900
"1122",4,1956,672,960,1,5,1,288,0,1956,0,960,112000
"1123",5,1947,698,698,1,4,0,0,0,1978.50616388687,0,698,118000
"1124",7,1992,384,1482,2,7,2,392,1,1992,170,812,163900
"1125",4,1955,1005,1005,1,5,2,672,1,1977,0,1005,115000
"1126",7,2007,1373,1555,2,7,3,660,1,2007,130,1555,174000
"1127",7,2004,1530,1530,2,7,3,630,1,2004,0,1530,259000
"1128",7,2004,847,1959,2,8,2,434,1,2004,0,847,215000
"1129",5,1980,936,936,1,4,2,672,0,1980,180,936,140000
"1130",4,1928,1122,1981,2,7,2,576,2,1981,0,1328,135000
"1131",5,1991,974,974,1,5,0,0,0,1978.50616388687,0,974,93500
"1132",6,1880,1008,2210,2,8,1,205,0,1930,0,1178,117500
"1133",8,1995,1128,2020,2,8,2,466,1,1995,0,1142,239500
"1134",6,1997,916,1600,2,7,2,460,1,1997,0,916,169000
"1135",6,1926,960,986,1,5,1,180,1,1926,0,986,102000
"1136",6,1950,1032,1252,1,6,1,288,0,1950,0,1032,119000
"1137",5,1875,780,1020,1,6,0,0,0,1978.50616388687,0,780,94000
"1138",6,1977,1567,1567,2,5,2,714,2,1977,0,1567,196000
"1139",5,1920,915,1167,1,6,2,495,1,1972,0,1167,144000
"1140",5,1951,952,952,1,4,2,840,0,1988,0,952,139000
"1141",5,1976,780,1868,2,9,2,484,1,1976,44,1088,197500
"1142",8,2006,1466,2828,3,11,3,1052,1,2006,340,1466,424870
"1143",5,1959,1006,1006,1,5,0,0,0,1978.50616388687,0,1006,80000
"1144",4,1941,672,924,1,5,1,280,0,1941,0,672,80000
"1145",5,1928,1042,1576,1,8,1,225,1,1928,0,1042,149000
"1146",6,1985,1298,1298,2,5,2,403,1,1985,85,1298,180000
"1147",7,1941,704,1564,1,7,1,234,1,1941,0,860,174500
"1148",7,1926,572,1111,1,5,1,288,1,1982,0,572,116900
"1149",7,1920,650,1482,1,7,2,324,0,1930,0,832,143000
"1150",6,1950,932,932,1,4,1,306,1,1950,0,932,124000
"1151",5,1959,1466,1466,1,6,2,528,2,1959,132,1466,149900
"1152",6,1956,1073,1811,1,6,2,470,1,1956,0,1811,230000
"1153",6,1930,816,816,1,5,1,432,0,2002,0,816,120500
"1154",7,1965,864,1820,1,8,2,492,2,1965,288,902,201800
"1155",5,1976,1437,1437,2,6,2,528,1,1976,0,1437,218000
"1156",5,1965,1219,1265,2,6,2,502,1,1965,0,1265,179900
"1157",7,2007,1314,1314,2,6,2,626,1,2008,166,1314,230000
"1158",8,2007,1580,1580,2,7,3,830,0,2008,186,1580,235128
"1159",6,1974,901,1876,2,8,2,540,1,1974,270,943,185000
"1160",6,1978,855,1456,2,7,2,440,1,1978,0,855,146000
"1161",6,1954,1296,1640,1,7,2,924,1,1993,72,1640,224000
"1162",5,1968,894,894,1,5,2,450,1,1968,0,894,129000
"1163",4,1969,1198,1258,0,6,2,400,0,1969,0,1258,108959
"1164",5,1978,1360,1432,1,5,2,588,1,1978,0,1432,194000
"1165",7,2009,1502,1502,2,7,2,644,0,2009,268,1502,233170
"1166",8,2008,1694,1694,2,7,3,776,0,2008,72,1694,245350
"1167",6,2000,959,1671,2,7,2,472,1,2000,0,959,173000
"1168",6,1935,1127,2108,2,7,2,540,2,1935,0,1236,235000
"1169",10,1995,1930,3627,3,10,3,807,1,1995,1378,1831,625000
"1170",6,1977,1096,1118,1,6,1,358,1,1977,0,1118,171000
"1171",6,1958,1261,1261,1,6,2,433,1,1958,0,1261,163000
"1172",7,2006,625,1250,2,5,2,625,0,2006,0,625,171900
"1173",5,1946,1598,3086,3,12,0,0,1,1978.50616388687,0,1636,200500
"1174",6,1932,952,2345,2,9,2,360,1,1932,0,1170,239000
"1175",8,1992,1683,2872,2,9,2,541,1,1992,337,2129,285000
"1176",5,1984,876,923,1,5,1,264,0,1984,0,923,119500
"1177",6,1926,818,1224,1,5,1,210,0,1926,0,818,115000
"1178",5,1921,731,1343,1,7,1,186,1,1921,0,820,154900
"1179",5,1954,0,1124,1,5,0,0,1,1978.50616388687,0,1124,93000
"1180",7,1990,1216,2514,2,8,2,693,0,1990,0,1298,250000
"1181",8,2008,1600,1652,2,5,2,482,1,2008,186,1652,392500
"1182",10,1996,2396,4476,3,10,3,813,2,1996,0,2411,745000
"1183",5,1920,1120,1130,1,5,2,720,1,1970,0,1130,120000
"1184",5,1963,1572,1572,1,5,3,995,2,1963,226,1572,186700
"1185",5,1924,784,1221,1,7,1,392,0,1965,0,949,104900
"1186",3,1900,978,1699,2,7,2,420,0,1920,0,1014,95000
"1187",8,1994,1624,1624,2,5,3,757,1,1994,0,1624,262000
"1188",7,2002,831,1660,2,7,2,493,0,2002,95,831,195000
"1189",7,1999,994,1804,2,7,2,442,1,1999,0,1028,189000
"1190",4,1961,1249,1622,1,7,4,1356,1,1975,149,1622,168000
"1191",8,1999,776,1441,2,5,2,492,0,1999,456,764,174000
"1192",5,1925,702,1472,1,6,1,250,0,1925,0,842,125000
"1193",6,1999,1224,1224,2,5,2,402,0,1999,425,1224,165000
"1194",6,1969,663,1352,1,7,1,299,0,1969,143,663,158000
"1195",6,2005,728,1456,2,8,2,400,0,2005,0,728,176000
"1196",7,2006,879,1863,2,9,3,660,1,2006,0,879,219210
"1197",7,1916,815,1690,1,7,1,225,1,1916,0,815,144000
"1198",7,2001,1212,1212,2,6,2,573,0,2001,0,1212,178000
"1199",4,1963,1051,1382,1,6,2,459,1,1974,51,1382,148000
"1200",4,1970,864,864,1,5,1,280,0,1972,0,864,116050
"1201",7,1998,866,1779,2,6,2,546,0,1998,0,866,197900
"1202",5,1925,884,1348,1,5,1,216,1,1960,0,884,117000
"1203",7,2000,1630,1630,2,6,2,451,1,2000,171,1630,213000
"1204",5,1975,1056,1074,1,6,2,495,0,1975,0,1074,153500
"1205",7,1990,2158,2196,2,7,3,701,1,1990,234,2196,271900
"1206",4,1966,1056,1056,1,5,1,384,0,1966,0,1056,107000
"1207",6,2003,1682,1700,2,7,2,544,0,2003,120,1700,200000
"1208",5,1962,931,1283,1,6,2,506,0,1980,0,1283,140000
"1209",8,2006,1660,1660,2,8,2,500,1,2006,420,1660,290000
"1210",6,1992,1055,1845,2,8,2,462,1,1992,0,1055,189000
"1211",8,1988,559,1752,2,8,2,492,0,1988,0,1080,164000
"1212",4,1941,672,672,1,4,1,234,0,1941,0,672,113000
"1213",4,1965,648,960,0,3,1,364,0,1965,0,960,145000
"1214",5,1962,925,999,1,6,1,300,0,1962,0,999,134500
"1215",5,1966,894,894,1,5,1,384,0,1966,0,894,125000
"1216",6,1978,0,1902,2,8,2,539,0,1978,0,1318,112000
"1217",8,2009,1300,1314,2,6,2,552,0,2009,72,1314,229456
"1218",4,1947,0,912,1,3,0,0,0,1978.50616388687,0,672,80500
"1219",6,1971,672,1218,1,7,0,0,0,1978.50616388687,236,672,91500
"1220",5,1964,912,912,1,5,1,288,0,1964,0,912,115000
"1221",5,1968,952,1211,1,5,1,322,1,1968,0,1211,134000
"1222",6,1949,1040,1846,2,7,1,315,1,1949,320,1168,143000
"1223",5,1951,2136,2136,2,7,2,528,0,1951,44,2136,137900
"1224",7,2004,788,1490,2,8,2,388,1,2004,0,788,184000
"1225",6,1958,588,1138,1,6,1,264,0,1958,63,1138,145000
"1226",6,2007,894,1933,2,9,3,668,1,2007,74,894,214000
"1227",5,1965,912,912,1,5,2,576,0,1992,300,912,147000
"1228",9,2008,1702,1702,1,7,3,1052,1,2008,766,1702,367294
"1229",5,1960,1075,1507,2,7,1,404,0,1960,0,1507,127000
"1230",5,1977,1361,2620,2,12,2,600,1,1977,1,1361,190000
"1231",5,1962,1106,1190,1,6,2,540,0,1962,120,1190,132500
"1232",4,1962,0,1224,2,6,2,462,0,1962,0,1224,101800
"1233",5,1959,1188,1188,1,6,2,531,0,1959,180,1188,142000
"1234",5,1911,940,1964,1,7,0,0,0,1978.50616388687,0,1024,130000
"1235",5,1914,747,1784,1,9,1,180,0,1914,0,892,138887
"1236",7,2003,764,1626,2,6,2,474,0,2003,106,764,175500
"1237",7,2004,847,1948,2,8,2,434,1,2004,0,847,195000
"1238",6,2005,1141,1141,1,6,2,484,0,2005,0,1141,142500
"1239",8,2006,1476,1484,2,6,2,472,1,2006,32,1484,265900
"1240",7,2003,884,1768,2,8,2,543,0,2003,252,884,224900
"1241",7,2007,1689,1689,2,7,3,954,0,2007,0,1689,248328
"1242",7,1974,1053,1173,2,6,2,528,2,1974,81,1173,170000
"1243",10,2006,2076,2076,2,7,3,850,1,2006,103.685261707989,2076,465000
"1244",8,1929,792,1517,1,7,2,400,2,1931,0,792,230000
"1245",6,1984,585,1868,3,7,2,477,1,1984,74,1140,178000
"1246",7,2005,756,1553,2,6,2,615,0,2005,0,756,186500
"1247",6,1976,1012,1034,1,6,3,888,0,1976,335,1034,169900
"1248",6,1917,735,2058,1,8,2,396,1,1950,0,1134,129500
"1249",5,1950,876,988,1,6,1,276,0,1950,0,988,119000
"1250",7,1968,2110,2110,2,8,2,522,2,1968,0,2110,244000
"1251",7,2003,1405,1405,2,6,2,478,1,2003,163,1405,171750
"1252",5,1968,864,874,1,5,1,288,0,1968,0,874,130000
"1253",7,1974,1192,2167,2,9,2,518,2,1974,0,1516,294000
"1254",7,2003,746,1656,2,7,2,397,1,2003,92,760,165400
"1255",6,1931,884,1367,1,6,1,560,1,1978,0,959,127500
"1256",8,1994,1986,1987,2,7,2,691,1,1994,554,1987,301500
"1257",5,1922,864,864,1,4,0,0,0,1978.50616388687,0,864,99900
"1258",7,2005,856,1166,2,5,2,400,0,2005,182,1166,190000
"1259",6,1969,1054,1054,1,6,2,460,0,1969,0,1054,151000
"1260",6,1999,841,1675,2,7,2,502,1,1999,0,892,181000
"1261",5,1956,1050,1050,1,5,1,338,0,1956,0,1050,128900
"1262",4,1957,1104,1788,1,8,1,304,2,1957,0,1104,161500
"1263",6,1919,764,1824,1,8,2,520,1,1940,0,1060,180500
"1264",6,1998,1405,1337,2,5,2,511,0,1998,0,1337,181000
"1265",7,1999,691,1452,2,6,2,506,0,1999,218,713,183900
"1266",7,1910,925,1889,1,9,1,308,1,1960,0,964,122000
"1267",9,2008,2002,2018,2,10,3,746,1,2009,0,2018,378500
"1268",8,1935,728,3447,3,11,3,1014,2,1982,632,1968,381000
"1269",5,1958,874,1524,1,7,1,315,0,1958,180,874,144000
"1270",7,1979,1332,1524,0,4,2,586,1,1979,0,1332,260000
"1271",6,1968,1489,1489,2,7,2,462,1,1968,0,1489,185750
"1272",5,1965,935,935,1,5,1,288,0,1965,114,935,137000
"1273",6,1959,1019,1357,1,5,1,312,1,1959,84,1357,177000
"1274",5,1910,661,1250,2,8,2,552,1,1985,0,661,139000
"1275",5,1948,928,1920,2,10,2,400,0,1948,567,928,137000
"1276",6,1972,723,1395,1,6,2,497,1,1972,0,735,162000
"1277",6,1967,1680,1724,1,7,2,480,1,1967,359,1724,197900
"1278",8,2002,1128,2031,2,7,2,577,1,2002,103.685261707989,1128,237000
"1279",4,1920,698,1128,1,6,2,528,0,1980,0,698,68400
"1280",7,2002,1573,1573,2,6,2,544,0,2002,110,1573,227000
"1281",7,1990,1309,1339,2,6,2,484,1,1990,54,1339,180000
"1282",5,1977,1040,1040,2,5,2,484,0,1977,0,1040,150500
"1283",6,1971,912,1824,2,8,0,0,0,1978.50616388687,0,912,139000
"1284",6,1919,804,2447,2,10,1,336,1,1969,0,1699,169000
"1285",6,1939,780,1412,1,6,1,280,1,1939,0,825,132500
"1286",6,1963,1328,1328,1,6,2,528,2,1963,451,1328,143000
"1287",5,1964,1624,1582,2,7,2,390,0,1964,621,1582,190000
"1288",8,2000,1501,1659,2,5,2,499,1,2000,0,1659,278000
"1289",8,2006,1085,1970,2,8,3,753,1,2006,788,1120,281000
"1290",5,1964,1152,1152,1,6,2,484,1,1964,86,1152,180500
"1291",5,1972,630,1302,2,6,1,264,0,1972,268,630,119500
"1292",5,1892,994,2372,2,11,1,432,0,1985,0,1378,107500
"1293",7,1976,832,1664,2,8,2,528,1,1976,0,832,162900
"1294",5,1955,864,864,1,5,2,572,0,1957,0,864,115000
"1295",5,1968,1052,1052,1,5,1,288,0,1968,168,1052,138500
"1296",5,1963,1120,1128,2,6,2,525,0,1963,148,1128,155000
"1297",6,2005,547,1072,2,5,2,525,0,2005,82,1072,140000
"1298",10,2008,6110,5642,2,12,2,1418,3,2008,796,4692,160000
"1299",5,1959,1246,1246,1,6,1,305,0,1959,0,1246,154000
"1300",7,1999,978,1983,2,9,2,490,1,1999,344,1005,225000
"1301",6,1942,771,1494,1,7,1,213,2,1942,0,753,177500
"1302",8,1994,1165,2526,2,8,3,844,1,1994,391,1203,290000
"1303",7,2005,1616,1616,2,7,3,834,0,2005,228,1616,232000
"1304",7,2004,976,1708,2,7,2,380,0,2004,117,976,130000
"1305",9,2006,1652,1652,2,6,2,840,2,2006,300,1652,325000
"1306",7,2005,1368,1368,2,6,2,474,1,2005,94,1368,202500
"1307",5,1994,990,990,1,5,2,480,0,2000,0,990,138000
"1308",5,1948,924,1122,1,6,2,528,0,1948,0,1122,147000
"1309",6,1991,1278,1294,2,6,2,496,0,1991,88,1294,179200
"1310",7,1959,1902,1902,2,7,2,567,2,1959,0,1902,335000
"1311",7,2005,1274,1274,2,6,2,508,0,2005,80,1274,203000
"1312",8,1990,1453,2810,2,9,2,750,1,1990,336,1453,302000
"1313",9,1999,1393,2599,2,10,3,779,1,1999,165,1422,333168
"1314",4,1954,948,948,1,5,1,280,1,1956,0,948,119000
"1315",6,1969,952,2112,2,9,2,576,2,1969,0,1092,206900
"1316",8,2008,1622,1630,2,8,3,860,1,2008,270,1630,295493
"1317",7,2006,1352,1352,2,5,2,466,1,2006,0,1352,208900
"1318",8,2001,1753,1787,2,7,3,748,1,2001,178,1787,275000
"1319",4,1954,864,948,1,5,1,248,0,1954,132,948,111000
"1320",6,1957,1478,1478,1,6,2,442,2,1957,0,1478,156500
"1321",3,1949,0,720,1,4,1,287,0,1955,0,720,72500
"1322",7,1992,750,1923,2,8,2,564,1,1992,0,1061,190000
"1323",4,1940,420,708,1,5,0,0,0,1978.50616388687,0,708,82500
"1324",8,2006,1795,1795,2,7,3,895,1,2007,428,1795,147000
"1325",4,1922,796,796,1,5,0,0,0,1978.50616388687,0,796,55000
"1326",3,1931,544,774,1,6,0,0,0,1978.50616388687,0,774,79000
"1327",5,1982,816,816,1,5,1,264,1,1982,0,816,130500
"1328",6,1920,1510,2792,2,8,2,520,2,1920,0,1584,256000
"1329",7,1998,935,1632,2,8,2,462,1,1998,0,955,176500
"1330",8,2006,1588,1588,2,7,3,825,1,2006,410,1588,227000
"1331",5,1976,911,954,1,6,2,576,0,1976,0,954,132500
"1332",4,1938,816,816,1,3,1,288,1,1958,0,816,100000
"1333",5,1938,803,1360,1,6,1,297,0,1951,0,803,125500
"1334",5,1970,765,1365,1,7,2,440,0,1970,312,765,125000
"1335",6,1977,1350,1334,2,6,2,630,1,1977,360,1334,167900
"1336",5,1973,1656,1656,2,8,2,506,0,1973,564,1656,135000
"1337",4,1941,693,693,1,4,0,0,0,1978.50616388687,0,693,52500
"1338",7,2002,916,1861,2,8,2,492,0,2002,0,920,200000
"1339",5,1972,864,864,1,5,1,288,0,1972,0,864,128500
"1340",4,1971,858,872,1,5,4,480,0,1974,0,872,123000
"1341",6,2003,1114,1114,1,6,2,576,0,2004,0,1114,155000
"1342",8,2002,1284,2169,2,7,2,647,1,2002,149,1284,228500
"1343",6,1928,896,1913,1,9,2,342,1,1929,0,1172,177000
"1344",7,2006,728,1456,2,8,2,440,1,2006,0,728,155835
"1345",4,1920,960,960,1,5,1,308,0,1997,0,960,108500
"1346",7,1968,1568,2156,2,9,2,508,1,1968,0,2156,262500
"1347",8,2006,1732,1776,2,7,3,712,1,2006,100,1776,283463
"1348",7,1998,1482,1494,2,5,2,514,1,1998,0,1494,215000
"1349",8,1872,684,2358,2,8,0,0,0,1978.50616388687,0,938,122000
"1350",5,1969,1248,2634,2,12,4,968,0,1969,368,1338,200000
"1351",6,1962,858,1716,1,8,2,490,1,1962,318,858,171000
"1352",6,1937,698,1176,1,4,2,624,0,1999,0,786,134900
"1353",8,1995,2033,3238,2,9,3,666,1,1996,579,2053,410000
"1354",7,2000,992,1865,2,7,3,839,1,2000,0,992,235000
"1355",7,1968,570,1920,3,8,2,487,1,1968,143,1222,170000
"1356",5,1966,864,892,1,5,1,264,0,1966,65,892,110000
"1357",5,1971,1078,1078,1,6,2,500,1,1971,0,1078,149900
"1358",6,2000,756,1573,2,5,2,440,0,2000,216,769,177500
"1359",9,2004,1980,1980,2,8,3,770,1,2004,66,1980,315000
"1360",5,1921,612,2601,3,8,2,621,0,1998,0,990,189000
"1361",7,2005,1530,1530,2,7,2,430,1,2005,16,1530,260000
"1362",4,1920,715,1738,2,7,1,368,1,1920,0,1281,104900
"1363",6,2006,616,1412,2,6,2,432,1,2007,0,616,156932
"1364",7,2005,600,1200,2,4,2,480,0,2005,0,520,144152
"1365",7,2000,814,1674,2,7,2,663,0,2000,0,814,216000
"1366",7,1999,873,1790,2,7,2,588,0,1999,158,882,193000
"1367",5,1977,757,1475,2,6,1,336,1,1977,0,925,127000
"1368",6,2003,848,848,1,4,2,420,0,2003,170,848,144000
"1369",8,2003,1657,1668,2,8,2,502,1,2003,171,1668,232000
"1370",4,1920,840,1374,1,6,1,338,0,1967,0,840,105000
"1371",6,1955,992,1661,1,8,1,377,1,1955,0,1661,165500
"1372",7,1998,1108,2097,2,8,2,583,1,1998,0,1108,274300
"1373",10,2001,2633,2633,2,8,3,804,2,2001,705,2633,466500
"1374",7,2005,1026,1958,2,9,3,936,1,2005,0,1026,250000
"1375",8,2007,1571,1571,2,7,3,722,1,2007,80,1571,239000
"1376",6,1930,768,790,1,4,1,160,0,1925,0,790,91000
"1377",5,1941,984,1604,2,6,2,660,0,1977,0,984,117000
"1378",6,1973,483,987,1,5,1,264,0,1973,408,483,83000
"1379",5,2006,384,1394,2,7,2,400,0,2007,0,754,167500
"1380",3,1914,864,864,1,5,1,200,0,1938,0,864,58500
"1381",6,1970,1205,2117,2,7,2,550,2,1970,0,2117,237500
"1382",7,1920,596,1762,1,8,2,576,0,1989,0,998,157000
"1383",5,1918,816,1416,2,7,2,576,0,2007,0,1416,112000
"1384",6,1939,560,1258,1,6,1,280,0,1939,0,698,105000
"1385",4,1922,796,1154,1,7,1,240,0,1922,0,796,125500
"1386",7,1978,1392,2784,3,12,2,564,2,1978,184,1392,250000
"1387",6,1916,714,2526,2,10,1,216,1,1916,0,1664,136000
"1388",9,2006,1746,1746,2,7,3,758,2,2006,160,1746,377500
"1389",6,1941,735,1218,1,6,2,440,1,2003,0,869,131000
"1390",7,2000,1525,1525,2,6,2,541,0,2000,244,1525,235000
"1391",5,1967,1584,1584,2,8,3,792,0,1967,0,1584,124000
"1392",5,1967,864,900,1,6,1,288,1,1967,0,900,123000
"1393",6,1905,482,1912,2,7,2,672,1,2003,0,1221,163000
"1394",7,2006,1356,1500,2,6,3,648,1,2006,45,1500,246578
"1395",8,2005,1094,2482,2,9,3,642,1,2005,245,1133,281213
"1396",5,1948,747,1687,1,7,2,572,2,1966,0,1687,160000
"1397",5,1920,939,1513,1,8,1,180,0,1933,0,939,137500
"1398",5,1950,1208,1904,1,7,1,240,0,1950,0,1136,138000
"1399",6,1925,976,1608,2,7,1,216,1,1925,0,1160,137450
"1400",6,1929,862,1158,1,5,1,208,1,1929,0,950,120000
"1401",6,2004,839,1593,2,8,2,398,1,2004,0,864,193000
"1402",7,2006,1286,1294,2,6,2,662,1,2006,0,1294,193879
"1403",8,2007,1485,1464,2,6,3,754,0,2007,84,1464,282922
"1404",3,1915,672,1214,1,6,3,936,0,1998,0,694,105000
"1405",8,2004,1594,1646,2,5,2,482,1,2004,174,1646,275000
"1406",5,1972,768,768,1,5,2,396,0,1988,0,768,133000
"1407",5,1985,833,833,1,5,0,0,0,1978.50616388687,0,833,112000
"1408",4,1910,622,1363,1,6,2,528,0,1966,0,741,125500
"1409",7,1986,791,2093,2,7,2,542,1,1986,123,1236,215000
"1410",7,2001,944,1840,2,6,2,622,0,2001,0,944,230000
"1411",6,1950,856,1668,1,6,1,271,0,1950,0,1112,140000
"1412",4,1949,0,1040,2,6,2,420,0,1956,0,1040,90000
"1413",8,2005,1844,1844,2,7,2,620,1,2005,366,1844,257000
"1414",6,1923,833,1848,1,8,2,370,1,1922,0,1053,207000
"1415",7,2007,1386,1569,2,7,3,660,1,2007,130,1569,175900
"1416",4,1885,777,2290,2,11,2,560,0,1971,0,1246,122500
"1417",8,1998,1284,2450,2,7,3,1069,1,1998,731,1310,340000
"1418",5,1963,1144,1144,1,6,1,336,0,1962,0,1144,124000
"1419",6,1969,1844,1844,2,7,2,540,1,1969,312,1844,223000
"1420",6,1968,708,1416,2,7,2,776,1,1968,420,708,179900
"1421",6,1977,1069,1069,2,4,2,440,1,1977,0,1069,127500
"1422",6,2003,848,848,1,3,2,420,0,2003,170,848,136500
"1423",6,1966,697,2201,2,8,2,432,1,1966,0,1575,274970
"1424",5,1958,1024,1344,1,6,1,484,1,1970,0,1344,144000
"1425",6,1959,1252,1252,1,7,2,528,0,1960,243,1252,142000
"1426",7,1994,1223,2127,2,5,2,525,2,1994,448,1223,271000
"1427",5,1945,913,1558,1,6,1,288,1,1962,0,1048,140000
"1428",5,1940,788,804,1,4,1,240,2,1940,294,804,119000
"1429",6,1981,1440,1440,2,7,2,467,1,1981,310,1440,182900
"1430",5,2005,732,1838,2,7,2,372,1,2005,0,734,192140
"1431",6,1976,958,958,2,5,2,440,0,1976,0,958,143750
"1432",4,1927,656,968,2,5,1,216,0,1928,0,968,64500
"1433",6,2000,936,1792,2,8,2,451,1,2000,318,962,186500
"1434",5,1977,1126,1126,2,5,2,484,1,1977,0,1126,160000
"1435",6,1962,1319,1537,1,7,2,462,1,1962,237,1537,174000
"1436",4,1971,864,864,1,5,2,528,0,1974,0,864,120500
"1437",8,2008,1932,1932,2,7,3,774,1,2008,426,1932,394617
"1438",6,1957,912,1236,1,6,2,923,0,1957,0,1236,149700
"1439",7,1979,539,1725,2,6,2,550,1,1979,96,1040,197000
"1440",6,1922,588,2555,2,11,2,672,1,1993,0,1423,191000
"1441",6,2004,848,848,1,3,2,420,1,2004,147,848,149300
"1442",10,2008,1017,2007,2,10,3,812,1,2008,160,1026,310000
"1443",6,1916,952,952,1,4,1,192,1,1916,0,952,121000
"1444",7,2004,1422,1422,2,7,2,626,0,2004,106,1422,179600
"1445",6,1966,814,913,1,6,1,240,0,1990,0,913,129000
"1446",5,1962,1188,1188,1,6,1,312,0,1962,189,1188,157900
"1447",8,1995,1220,2090,2,8,2,556,1,1995,438,1220,240000
"1448",4,1910,560,1346,1,6,1,384,0,1950,0,796,112000
"1449",5,1970,630,630,1,3,0,0,0,1978.50616388687,0,630,92000
"1450",5,1974,896,1792,2,8,0,0,0,1978.50616388687,0,896,136000
"1451",8,2008,1573,1578,2,7,3,840,1,2008,194,1578,287090
"1452",5,2005,547,1072,1,5,2,525,0,2005,80,1072,145000
"1453",5,2006,1140,1140,1,6,0,0,0,1978.50616388687,0,1140,84500
"1454",7,2004,1221,1221,2,6,2,400,0,2004,0,1221,185000
"1455",6,1999,953,1647,2,7,2,460,1,1999,0,953,175000
"1456",6,1978,1542,2073,2,7,2,500,2,1978,119,2073,210000
"1457",7,1941,1152,2340,2,9,1,252,2,1941,0,1188,266500
"1458",5,1950,1078,1078,1,5,1,240,0,1950,0,1078,142125
"1459",5,1965,1256,1256,1,6,1,276,0,1965,0,1256,147500
"1460",6,1958,819,1344,1,7,2,525,1,1958,541,1344,137500
